"entity_id","entity_name","entity_code","team_id","total_pitches","total_pitches","total_pitches_empty","median_seconds_empty","total_pitches_onbase","median_seconds_empty","freq_hot","freq_warm","freq_cold"
425877,"Molina, Yadier","Pit",138,19,19,8,6.471,11,6.471,0.9473684210526315,0.05263157894736842,0
571976,"Myers, Wil","Pit",135,18,18,15,7.192,3,7.192,1,0,0
608703,"Reynolds, Matt","Pit",113,6,6,2,7.766,4,7.766,1,0,0
405395,"Pujols, Albert","Pit",138,13,13,5,7.977,8,7.977,1,0,0
571466,"Barnhart, Tucker","Pit",116,8,8,3,8.047,5,8.047,1,0,0
624512,"McGuire, Reese","Pit",111,2,2,2,8.071,,8.071,1,0,0
592743,"Simmons, Andrelton","Pit",112,13,13,1,8.37,12,8.37,0.9230769230769231,0.07692307692307693,0
643524,"Schwindel, Frank","Pit",112,15,15,9,8.413,6,8.413,1,0,0
608700,"Plawecki, Kevin","Pit",140,7,7,2,8.524,5,8.524,1,0,0
665155,"Maton, Nick","Pit",143,13,13,8,8.588,5,8.588,1,0,0
572191,"Taylor, Michael A.","Pit",118,18,18,6,8.754,12,8.754,1,0,0
506702,"Leon, Sandy","Pit",142,10,10,10,8.834,,8.834,1,0,0
621011,"Schrock, Max","Pit",113,8,8,7,8.837,1,8.837,1,0,0
543281,"Harrison, Josh","Pit",145,31,31,9,8.946,22,8.946,0.8064516129032258,0.1935483870967742,0
553902,"Astudillo, Willians","Pit",146,15,15,8,8.954,7,8.954,1,0,0
606993,"Hager, Jake","Pit",109,9,9,4,9.193,5,9.193,1,0,0
624503,"Gordon, Nick","Pit",142,48,48,22,9.238,26,9.238,0.9375,0.041666666666666664,0.020833333333333332
660636,"Castillo, Diego","Pit",134,33,33,8,9.47,25,9.47,0.7878787878787878,0.21212121212121213,0
605170,"Caratini, Victor","Pit",158,6,6,4,9.55,2,9.55,1,0,0
608348,"Kelly, Carson","Pit",109,33,33,12,9.667,21,9.667,0.9393939393939394,0.06060606060606061,0
641914,"Neuse, Sheldon","Pit",133,18,18,14,9.719,4,9.719,1,0,0
573131,"Ruf, Darin","Pit",121,4,4,2,9.792,2,9.792,1,0,0
642851,"Wynns, Austin","Pit",137,13,13,5,9.889,8,9.889,1,0,0
676946,"Batten, Matthew","Pit",135,12,12,6,10.201,6,10.201,1,0,0
661531,"Serven, Brian","Pit",115,4,4,4,10.288,,10.288,1,0,0
545341,"Grichuk, Randal","Pit",115,5,5,5,10.322,,10.322,1,0,0
665019,"Clemens, Kody","Pit",116,31,31,18,10.376,13,10.376,0.9354838709677419,0.06451612903225806,0
593160,"Merrifield, Whit","Pit",141,4,4,2,10.579,2,10.579,1,0,0
676391,"Clement, Ernie","Pit",133,21,21,11,10.585,10,10.585,0.9047619047619048,0.09523809523809523,0
622569,"Reyes, Pablo","Pit",158,6,6,6,10.615,,10.615,1,0,0
598265,"Bradley Jr., Jackie","Pit",141,14,14,1,10.656,13,10.656,0.8571428571428571,0.14285714285714285,0
596117,"Stubbs, Garrett","Pit",143,31,31,24,10.723,7,10.723,1,0,0
593643,"Alberto, Hanser","Pit",119,74,74,40,10.742,34,10.742,0.9459459459459459,0.05405405405405406,0
543829,"Strange-Gordon, Dee","Pit",120,15,15,6,10.77,9,10.77,0.8666666666666667,0.13333333333333333,0
670032,"Lopez, Nicky","Pit",118,10,10,8,10.777,2,10.777,1,0,0
642165,"VanMeter, Josh","Pit",134,34,34,16,10.844,18,10.844,0.9411764705882353,0.058823529411764705,0
444876,"Escobar, Alcides","Pit",120,13,13,6,10.888,7,10.888,0.9230769230769231,0.07692307692307693,0
620443,"Torrens, Luis","Pit",136,14,14,7,10.891,7,10.891,0.9285714285714286,0.07142857142857142,0
607054,"Peterson, Jace","Pit",158,5,5,5,11.11,,11.11,1,0,0
622268,"Walton, Donovan","Pit",137,12,12,5,11.214,7,11.214,0.9166666666666666,0.08333333333333333,0
572008,"Owings, Chris","Pit",110,3,3,2,11.215,1,11.215,1,0,0
621433,"Phillips, Brett","Pit",110,30,30,13,11.242,17,11.242,0.8,0.2,0
489119,"Miley, Wade","Pit",112,284,284,186,11.348,98,11.348,0.6830985915492958,0.3028169014084507,0.014084507042253521
641531,"Dozier, Hunter","Pit",118,13,13,5,11.353,8,11.353,1,0,0
645801,"Ford, Mike","Pit",108,7,7,6,11.379,1,11.379,0.8571428571428571,0.14285714285714285,0
664670,"Lopez, Alejo","Pit",113,10,10,9,11.528,1,11.528,0.7,0.3,0
614177,"Reyes, Franmil","Pit",112,5,5,4,11.729,1,11.729,0.8,0.2,0
670768,"González, Luis","Pit",137,47,47,18,11.756,29,11.756,0.8085106382978723,0.14893617021276595,0.0425531914893617
605612,"Castro, Harold","Pit",116,23,23,18,11.809,5,11.809,0.9130434782608695,0.08695652173913043,0
608686,"Mayfield, Jack","Pit",108,9,9,6,12.005,3,12.005,0.8888888888888888,0.1111111111111111,0
670712,"Brosseau, Mike","Pit",158,25,25,13,12.224,12,12.224,0.68,0.32,0
606115,"Arcia, Orlando","Pit",144,3,3,3,12.578,,12.578,1,0,0
644374,"Chang, Yu","Pit",111,8,8,6,12.585,2,12.585,1,0,0
608718,"Suter, Brent","Pit",158,499,499,317,12.639,182,12.639,0.4909819639278557,0.48296593186372744,0.026052104208416832
669674,"Long, Sam","Pit",137,347,347,219,12.758,128,12.758,0.48703170028818443,0.4899135446685879,0.023054755043227664
676840,"Peacock, Matt","Pit",118,59,59,33,12.764,26,12.764,0.4745762711864407,0.4915254237288136,0.03389830508474576
682016,"Woods, William","Pit",144,16,16,12,12.912,4,12.912,0.625,0.3125,0.0625
606131,"Perdomo, Luis","Pit",158,126,126,76,13.07,50,13.07,0.46825396825396826,0.5158730158730159,0.015873015873015872
572362,"Erlin, Robbie","Pit",119,21,21,16,13.263,5,13.263,0.5238095238095238,0.47619047619047616,0
666205,"Muller, Kyle","Pit",144,100,100,50,13.372,50,13.372,0.32,0.61,0.07
675912,"Lowther, Zac","Pit",110,53,53,34,13.559,19,13.559,0.49056603773584906,0.5094339622641509,0
542194,"Bethancourt, Christian","Pit",139,25,25,11,13.595,14,13.595,0.76,0.24,0
445926,"Chavez, Jesse","Pit",144,588,588,337,13.688,251,13.688,0.3945578231292517,0.5884353741496599,0.017006802721088437
676641,"Sulser, Beau","Pit",110,153,153,90,13.713,63,13.713,0.3790849673202614,0.5882352941176471,0.032679738562091505
641743,"Kay, Anthony","Pit",141,17,17,6,13.746,11,13.746,0.17647058823529413,0.7058823529411765,0.11764705882352941
668948,"McCarty, Kirk","Pit",114,258,258,160,13.823,98,13.823,0.3992248062015504,0.5852713178294574,0.015503875968992248
606273,"Elías, Roenis","Pit",136,48,48,33,13.877,15,13.877,0.5,0.5,0
621389,"Blach, Ty","Pit",115,302,302,168,13.978,134,13.978,0.39072847682119205,0.5927152317880795,0.016556291390728478
686973,"Varland, Louie","Pit",142,185,185,125,14.038,60,14.038,0.4810810810810811,0.5135135135135135,0.005405405405405406
608344,"Irvin, Cole","Pit",133,1146,1146,742,14.068,404,14.068,0.4031413612565445,0.5724258289703316,0.02443280977312391
663485,"Sands, Cole","Pit",142,289,289,160,14.077,129,14.077,0.36678200692041524,0.6089965397923875,0.02422145328719723
605154,"Brebbia, John","Pit",137,476,476,240,14.175,236,14.175,0.3025210084033613,0.6176470588235294,0.07983193277310924
660730,"Rodriguez, Elvin","Pit",116,261,261,177,14.196,84,14.196,0.3946360153256705,0.5708812260536399,0.034482758620689655
501303,"Adrianza, Ehire","Pit",144,8,8,3,14.308,5,14.308,0.875,0.125,0
622065,"Young, Alex","Pit",137,177,177,71,14.315,106,14.315,0.23728813559322035,0.6836158192090396,0.07909604519774012
640461,"Pinder, Chad","Pit",133,14,14,4,14.385,10,14.385,0.9285714285714286,0.07142857142857142,0
571927,"Matz, Steven","Pit",138,392,392,270,14.39,122,14.39,0.41836734693877553,0.5459183673469388,0.03571428571428571
669211,"Akin, Keegan","Pit",110,518,518,315,14.405,203,14.405,0.35135135135135137,0.6312741312741312,0.017374517374517374
502624,"Anderson, Chase","Pit",113,235,235,166,14.407,69,14.407,0.4340425531914894,0.5531914893617021,0.01276595744680851
571882,"Law, Derek","Pit",113,167,167,94,14.426,73,14.426,0.33532934131736525,0.6347305389221557,0.029940119760479042
596271,"Lawrence, Casey","Pit",141,126,126,83,14.457,43,14.457,0.4126984126984127,0.5714285714285714,0.015873015873015872
620454,"Castillo, José","Pit",135,5,5,4,14.462,1,14.462,0.4,0.6,0
676879,"Ashby, Aaron","Pit",158,922,922,571,14.501,351,14.501,0.3676789587852495,0.5835140997830802,0.04880694143167028
657277,"Webb, Logan","Pit",137,1446,1446,922,14.504,524,14.504,0.3665283540802213,0.5933609958506224,0.040110650069156296
663989,"Vespi, Nick","Pit",110,200,200,115,14.538,85,14.538,0.335,0.65,0.015
669456,"Bieber, Shane","Pit",114,1271,1271,945,14.553,326,14.553,0.4177812745869394,0.5656963021243115,0.016522423288749016
665665,"Sanmartin, Reiver","Pit",113,499,499,279,14.58,220,14.58,0.3106212424849699,0.657314629258517,0.03206412825651302
518586,"Culberson, Charlie","Pit",140,14,14,12,14.611,2,14.611,0.5,0.5,0
608566,"Márquez, Germán","Pit",115,1222,1222,810,14.622,412,14.622,0.3690671031096563,0.5949263502454992,0.03600654664484452
596001,"Junis, Jakob","Pit",137,880,880,587,14.629,293,14.629,0.38522727272727275,0.5840909090909091,0.03068181818181818
543548,"Milone, Tommy","Pit",136,114,114,80,14.631,34,14.631,0.40350877192982454,0.5701754385964912,0.02631578947368421
663903,"Singer, Brady","Pit",118,1174,1174,797,14.633,377,14.633,0.3850085178875639,0.5809199318568995,0.034071550255536626
680704,"Sandlin, Nick","Pit",114,358,358,162,14.655,196,14.655,0.2541899441340782,0.7011173184357542,0.0446927374301676
543901,"Weber, Ryan","Pit",147,63,63,57,14.665,6,14.665,0.5079365079365079,0.4444444444444444,0.047619047619047616
682847,"Ortiz, Luis","Pit",134,128,128,77,14.668,51,14.668,0.3125,0.6484375,0.0390625
666720,"Rodriguez, Yerry","Pit",140,6,6,3,14.711,3,14.711,0.3333333333333333,0.5,0.16666666666666666
642028,"Rogers, Josh","Pit",120,197,197,130,14.76,67,14.76,0.3401015228426396,0.6192893401015228,0.04060913705583756
693821,"Elder, Bryce","Pit",144,406,406,280,14.772,126,14.772,0.35714285714285715,0.5985221674876847,0.04433497536945813
667373,"Rondón, Angel","Pit",138,45,45,24,14.774,21,14.774,0.28888888888888886,0.6,0.1111111111111111
665621,"García, Rony","Pit",116,432,432,317,14.793,115,14.793,0.3888888888888889,0.5787037037037037,0.032407407407407406
656849,"Peterson, David","Pit",121,893,893,550,14.84,343,14.84,0.3247480403135498,0.6506159014557671,0.02463605823068309
677960,"Weathers, Ryan","Pit",135,39,39,21,14.847,18,14.847,0.28205128205128205,0.6666666666666666,0.05128205128205128
615698,"Quantrill, Cal","Pit",114,1317,1317,868,14.857,449,14.857,0.3447228549734245,0.6180713743356112,0.03720577069096431
663630,"McKenna, Ryan","Pit",110,13,13,2,14.871,11,14.871,0.15384615384615385,0.7692307692307693,0.07692307692307693
622379,"Castillo, Luis","Pit",116,29,29,18,14.898,11,14.898,0.3448275862068966,0.6206896551724138,0.034482758620689655
571945,"Mikolas, Miles","Pit",138,1456,1456,1023,14.905,433,14.905,0.3646978021978022,0.6037087912087912,0.03159340659340659
672582,"Zerpa, Angel","Pit",118,80,80,59,14.936,21,14.936,0.375,0.6125,0.0125
596043,"Mengden, Daniel","Pit",118,52,52,27,14.938,25,14.938,0.2692307692307692,0.6730769230769231,0.057692307692307696
656605,"Keller, Mitch","Pit",134,1261,1261,765,14.992,496,14.992,0.3037272006344171,0.6534496431403648,0.04282315622521808
641482,"Cortes, Nestor","Pit",147,1103,1103,803,14.994,300,14.994,0.36627379873073435,0.5911151405258386,0.04261106074342702
670046,"Rosenberg, Kenny","Pit",108,87,87,52,15.018,35,15.018,0.27586206896551724,0.6781609195402298,0.04597701149425287
646242,"Diaz, Jhonathan","Pit",108,116,116,70,15.018,46,15.018,0.29310344827586204,0.603448275862069,0.10344827586206896
657093,"Watkins, Spenser","Pit",110,744,744,461,15.02,283,15.02,0.30913978494623656,0.657258064516129,0.033602150537634407
649144,"Wells, Alex","Pit",110,26,26,15,15.035,11,15.035,0.2692307692307692,0.6923076923076923,0.038461538461538464
592836,"Walker, Taijuan","Pit",121,1143,1143,802,15.073,341,15.073,0.363079615048119,0.6010498687664042,0.03587051618547681
657265,"Strzelecki, Peter","Pit",158,296,296,151,15.074,145,15.074,0.2635135135135135,0.7195945945945946,0.016891891891891893
592346,"González, Chi Chi","Pit",147,181,181,111,15.091,70,15.091,0.292817679558011,0.6629834254143646,0.04419889502762431
622072,"Wood, Alex","Pit",137,1039,1039,659,15.097,380,15.097,0.3128007699711261,0.6410009624639076,0.04619826756496631
596295,"Gomber, Austin","Pit",115,910,910,594,15.109,316,15.109,0.310989010989011,0.6615384615384615,0.027472527472527472
657766,"St. John, Locke","Pit",112,12,12,10,15.119,2,15.119,0.3333333333333333,0.6666666666666666,0
657649,"Koenig, Jared","Pit",133,311,311,169,15.144,142,15.144,0.2572347266881029,0.7009646302250804,0.04180064308681672
573668,"Minaya, Juan","Pit",142,77,77,35,15.172,42,15.172,0.22077922077922077,0.7402597402597403,0.03896103896103896
680573,"Woods Richardson, Simeon","Pit",142,32,32,24,15.173,8,15.173,0.34375,0.625,0.03125
669302,"Gilbert, Logan","Pit",136,1342,1342,895,15.173,447,15.173,0.3263785394932936,0.6304023845007451,0.043219076005961254
676596,"Fleming, Josh","Pit",139,305,305,172,15.179,133,15.179,0.26557377049180325,0.6983606557377049,0.036065573770491806
670955,"Uceta, Edwin","Pit",109,145,145,86,15.192,59,15.192,0.2413793103448276,0.7241379310344828,0.034482758620689655
592804,"Thornburg, Tyler","Pit",142,180,180,78,15.202,102,15.202,0.18888888888888888,0.7666666666666667,0.044444444444444446
622503,"Crismatt, Nabil","Pit",135,475,475,311,15.226,164,15.226,0.32,0.6484210526315789,0.031578947368421054
594835,"Gonzales, Marco","Pit",136,1284,1284,836,15.257,448,15.257,0.29595015576323985,0.6705607476635514,0.03348909657320872
501985,"Minor, Mike","Pit",113,835,835,516,15.276,319,15.276,0.2778443113772455,0.6646706586826348,0.05748502994011976
571760,"Heaney, Andrew","Pit",119,542,542,380,15.303,162,15.303,0.3173431734317343,0.6660516605166051,0.016605166051660517
605156,"Brooks, Aaron","Pit",138,76,76,49,15.304,27,15.304,0.3157894736842105,0.618421052631579,0.06578947368421052
622491,"Castillo, Luis","Pit",136,1145,1145,748,15.33,397,15.33,0.3056768558951965,0.6663755458515284,0.02794759825327511
448179,"Hill, Rich","Pit",111,958,958,638,15.336,320,15.336,0.33924843423799583,0.6137787056367432,0.04697286012526096
656457,"Gilbert, Tyler","Pit",109,267,267,198,15.337,69,15.337,0.31086142322097376,0.6629213483146067,0.026217228464419477
673316,"Barker, Luke","Pit",158,22,22,15,15.339,7,15.339,0.2727272727272727,0.6818181818181818,0.045454545454545456
613534,"Adams, Austin","Pit",135,27,27,18,15.342,9,15.342,0.25925925925925924,0.7407407407407407,0
641745,"Keller, Brad","Pit",118,999,999,643,15.364,356,15.364,0.2872872872872873,0.6646646646646647,0.04804804804804805
672851,"Adon, Joan","Pit",120,563,563,301,15.371,262,15.371,0.23978685612788633,0.6820603907637656,0.07815275310834814
657053,"Toussaint, Touki","Pit",108,206,206,139,15.388,67,15.388,0.30097087378640774,0.6650485436893204,0.03398058252427184
641778,"Lauer, Eric","Pit",158,1260,1260,818,15.388,442,15.388,0.2857142857142857,0.6436507936507937,0.07063492063492063
621244,"Berríos, José","Pit",141,1243,1243,786,15.39,457,15.39,0.28881737731295254,0.6781979082864039,0.03298471440064361
607644,"Means, John","Pit",110,58,58,38,15.398,20,15.398,0.27586206896551724,0.6379310344827587,0.08620689655172414
663738,"Lynch, Daniel","Pit",118,1074,1074,655,15.413,419,15.413,0.26908752327746743,0.6992551210428305,0.03165735567970205
605463,"Scott, Tayler","Pit",135,141,141,68,15.416,73,15.416,0.2127659574468085,0.7730496453900709,0.014184397163120567
656353,"Davidson, Tucker","Pit",108,432,432,253,15.434,179,15.434,0.2638888888888889,0.6990740740740741,0.037037037037037035
622608,"Senzatela, Antonio","Pit",115,724,724,401,15.435,323,15.435,0.24585635359116023,0.7251381215469613,0.029005524861878452
593958,"Rodriguez, Eduardo","Pit",116,686,686,429,15.436,257,15.436,0.2915451895043732,0.6822157434402333,0.026239067055393587
668676,"Plesac, Zach","Pit",114,920,920,595,15.441,325,15.441,0.2728260869565217,0.6858695652173913,0.041304347826086954
592767,"Smyly, Drew","Pit",112,765,765,502,15.457,263,15.457,0.3032679738562091,0.6679738562091503,0.02875816993464052
606965,"Devenski, Chris","Pit",143,103,103,57,15.459,46,15.459,0.23300970873786409,0.6893203883495146,0.07766990291262135
645261,"Alcantara, Sandy","Pit",146,1345,1345,922,15.462,423,15.462,0.29739776951672864,0.6453531598513012,0.05724907063197026
661563,"Gil, Luis","Pit",147,34,34,14,15.465,20,15.465,0.08823529411764706,0.8823529411764706,0.029411764705882353
676720,"Romero, Tommy","Pit",120,90,90,63,15.49,27,15.49,0.3,0.6777777777777778,0.022222222222222223
669084,"Hall, DL","Pit",110,113,113,48,15.504,65,15.504,0.23008849557522124,0.7256637168141593,0.04424778761061947
681217,"Silseth, Chase","Pit",108,238,238,158,15.506,80,15.506,0.2857142857142857,0.6596638655462185,0.0546218487394958
571948,"Milner, Hoby","Pit",158,568,568,290,15.528,278,15.528,0.21654929577464788,0.7482394366197183,0.035211267605633804
543475,"Lyles, Jordan","Pit",110,1379,1379,900,15.53,479,15.53,0.2864394488759971,0.6722262509064539,0.04133430021754895
640455,"Manaea, Sean","Pit",135,1087,1087,724,15.532,363,15.532,0.29162833486660533,0.6752529898804048,0.03311867525298988
663546,"Hjelle, Sean","Pit",137,231,231,145,15.569,86,15.569,0.2727272727272727,0.6796536796536796,0.047619047619047616
683769,"Gaddis, Hunter","Pit",114,80,80,59,15.579,21,15.579,0.3125,0.675,0.0125
656290,"Carlton, Drew","Pit",116,51,51,35,15.629,16,15.629,0.17647058823529413,0.7843137254901961,0.0392156862745098
607609,"Ladwig, A.J.","Pit",146,17,17,16,15.637,1,15.637,0.35294117647058826,0.6470588235294118,0
456501,"Cueto, Johnny","Pit",145,1097,1097,742,15.657,355,15.657,0.31358249772105745,0.6107566089334548,0.07566089334548769
608379,"Wacha, Michael","Pit",111,861,861,588,15.658,273,15.658,0.27177700348432055,0.6782810685249709,0.04994192799070848
641672,"Hatch, Thomas","Pit",141,25,25,9,15.658,16,15.658,0.16,0.8,0.04
656412,"Faedo, Alex","Pit",116,446,446,246,15.668,200,15.668,0.21748878923766815,0.7466367713004485,0.03587443946188341
668338,"Miller, Tyson","Pit",140,110,110,54,15.672,56,15.672,0.21818181818181817,0.7545454545454545,0.02727272727272727
669461,"Liberatore, Matthew","Pit",138,313,313,159,15.684,154,15.684,0.21405750798722045,0.7412140575079872,0.04472843450479233
663455,"Pilkington, Konnor","Pit",114,483,483,274,15.686,209,15.686,0.22153209109730848,0.7556935817805382,0.022774327122153208
491624,"Valdez, César","Pit",108,5,5,4,15.726,1,15.726,0.2,0.8,0
664141,"Brubaker, JT","Pit",134,1081,1081,647,15.733,434,15.733,0.2627197039777983,0.7095282146160962,0.027752081406105456
658648,"Avila, Pedro","Pit",135,32,32,17,15.75,15,15.75,0.15625,0.71875,0.125
605288,"Houser, Adrian","Pit",158,905,905,548,15.754,357,15.754,0.23314917127071824,0.7116022099447514,0.055248618784530384
661527,"Martinez, Seth","Pit",117,271,271,159,15.757,112,15.757,0.24723247232472326,0.7158671586715867,0.03690036900369004
571446,"Appel, Mark","Pit",143,81,81,46,15.776,35,15.776,0.19753086419753085,0.7901234567901234,0.012345679012345678
669212,"Morgan, Eli","Pit",114,436,436,282,15.78,154,15.78,0.2706422018348624,0.6651376146788991,0.06422018348623854
670810,"Gillaspie, Logan","Pit",110,125,125,73,15.782,52,15.782,0.216,0.712,0.072
669373,"Skubal, Tarik","Pit",116,854,854,557,15.802,297,15.802,0.24355971896955503,0.724824355971897,0.03161592505854801
681806,"Wantz, Andrew","Pit",108,385,385,217,15.819,168,15.819,0.24155844155844156,0.6909090909090909,0.06753246753246753
676886,"Beasley, Jeremy","Pit",141,113,113,67,15.822,46,15.822,0.25663716814159293,0.7256637168141593,0.017699115044247787
664042,"Lakins Sr., Travis","Pit",110,92,92,54,15.822,38,15.822,0.17391304347826086,0.782608695652174,0.043478260869565216
670059,"Holderman, Colin","Pit",134,210,210,135,15.825,75,15.825,0.2714285714285714,0.6761904761904762,0.05238095238095238
642048,"Saucedo, Tayler","Pit",141,20,20,13,15.831,7,15.831,0.1,0.9,0
605164,"Bundy, Dylan","Pit",142,913,913,619,15.853,294,15.853,0.26506024096385544,0.6889375684556407,0.04600219058050383
656794,"Newcomb, Sean","Pit",112,288,288,164,15.86,124,15.86,0.2465277777777778,0.7326388888888888,0.020833333333333332
594311,"Gustave, Jandel","Pit",158,226,226,111,15.876,115,15.876,0.168141592920354,0.7699115044247787,0.061946902654867256
672710,"Contreras, Roansy","Pit",134,719,719,474,15.878,245,15.878,0.25034770514603616,0.7037552155771906,0.0458970792767733
664139,"Gibaut, Ian","Pit",113,324,324,161,15.901,163,15.901,0.19135802469135801,0.75,0.05864197530864197
682027,"Alldred, Cam","Pit",134,7,7,7,15.909,,15.909,0.2857142857142857,0.7142857142857143,0
663474,"McKenzie, Triston","Pit",114,1178,1178,877,15.948,301,15.948,0.27928692699490665,0.6723259762308998,0.04838709677419355
543101,"DeSclafani, Anthony","Pit",137,155,155,85,15.954,70,15.954,0.2129032258064516,0.7225806451612903,0.06451612903225806
643361,"Herget, Kevin","Pit",139,53,53,32,15.964,21,15.964,0.3584905660377358,0.6037735849056604,0.03773584905660377
668684,"Tully, Tanner","Pit",114,53,53,25,15.965,28,15.965,0.18867924528301888,0.7547169811320755,0.05660377358490566
650911,"Sánchez, Cristopher","Pit",143,303,303,179,15.965,124,15.965,0.2145214521452145,0.735973597359736,0.04950495049504951
595191,"Eickhoff, Jerad","Pit",134,35,35,20,15.978,15,15.978,0.17142857142857143,0.8,0.02857142857142857
477132,"Kershaw, Clayton","Pit",119,790,790,569,15.982,221,15.982,0.2721518987341772,0.710126582278481,0.017721518987341773
656686,"Martin, Corbin","Pit",109,208,208,125,15.992,83,15.992,0.21634615384615385,0.7211538461538461,0.0625
621111,"Buehler, Walker","Pit",119,459,459,296,15.995,163,15.995,0.25272331154684097,0.7124183006535948,0.034858387799564274
657140,"Wright, Kyle","Pit",144,1250,1250,813,15.999,437,15.999,0.236,0.7168,0.0472
593334,"Germán, Domingo","Pit",147,487,487,328,16.007,159,16.007,0.25051334702258726,0.7002053388090349,0.049281314168377825
571510,"Boyd, Matthew","Pit",136,91,91,59,16.009,32,16.009,0.2857142857142857,0.6483516483516484,0.06593406593406594
665001,"Kelley, Trevor","Pit",158,243,243,143,16.011,100,16.011,0.1934156378600823,0.7777777777777778,0.02880658436213992
641927,"Ober, Bailey","Pit",142,369,369,255,16.026,114,16.026,0.26287262872628725,0.7073170731707317,0.02981029810298103
650496,"Mejía, J.C.","Pit",158,30,30,10,16.027,20,16.027,0.13333333333333333,0.8666666666666667,0
571578,"Corbin, Patrick","Pit",120,1198,1198,728,16.043,470,16.043,0.21452420701168615,0.7153589315525877,0.07011686143572621
642545,"Barría, Jaime","Pit",108,500,500,311,16.047,189,16.047,0.214,0.764,0.022
667725,"Tyler, Kyle","Pit",135,18,18,15,16.055,3,16.055,0.2777777777777778,0.7222222222222222,0
657745,"Rossman, Bubby","Pit",143,9,9,7,16.06,2,16.06,0,1,0
676617,"O'Brien, Riley","Pit",136,11,11,9,16.063,2,16.063,0.18181818181818182,0.8181818181818182,0
663753,"Knehr, Reiss","Pit",135,111,111,61,16.064,50,16.064,0.1981981981981982,0.7837837837837838,0.018018018018018018
624522,"Thompson, Keegan","Pit",112,887,887,553,16.074,334,16.074,0.21645997745208567,0.7440811724915445,0.03945885005636979
669920,"Alexander, Jason","Pit",158,586,586,384,16.076,202,16.076,0.22696245733788395,0.726962457337884,0.04607508532423208
643493,"Pruitt, Austin","Pit",133,359,359,252,16.089,107,16.089,0.18662952646239556,0.7938718662952646,0.019498607242339833
501925,"Smith, Joe","Pit",142,208,208,110,16.09,98,16.09,0.1971153846153846,0.7836538461538461,0.019230769230769232
666721,"Castillo, Max","Pit",118,326,326,240,16.118,86,16.118,0.21779141104294478,0.7300613496932515,0.05214723926380368
676265,"Abbott, Cory","Pit",120,368,368,244,16.119,124,16.119,0.22282608695652173,0.6820652173913043,0.09510869565217392
672911,"Cruz, Jesus","Pit",144,73,73,48,16.128,25,16.128,0.1232876712328767,0.821917808219178,0.0547945205479452
641771,"Kuhl, Chad","Pit",115,1140,1140,721,16.14,419,16.14,0.21403508771929824,0.7228070175438597,0.06315789473684211
666200,"Luzardo, Jesús","Pit",146,756,756,536,16.143,220,16.143,0.27380952380952384,0.6984126984126984,0.027777777777777776
605200,"Davies, Zach","Pit",109,1158,1158,790,16.15,368,16.15,0.20466321243523317,0.7590673575129534,0.03626943005181347
607229,"Gsellman, Robert","Pit",112,96,96,65,16.154,31,16.154,0.23958333333333334,0.7395833333333334,0.020833333333333332
641312,"Anderson, Shaun","Pit",141,10,10,4,16.156,6,16.156,0,1,0
663554,"Mize, Casey","Pit",116,82,82,42,16.173,40,16.173,0.15853658536585366,0.7439024390243902,0.0975609756097561
676637,"Sanders, Phoenix","Pit",139,90,90,55,16.239,35,16.239,0.26666666666666666,0.7111111111111111,0.022222222222222223
571863,"Koch, Matt","Pit",136,36,36,20,16.249,16,16.249,0.16666666666666666,0.8055555555555556,0.027777777777777776
622103,"Reyes, Gerardo","Pit",108,24,24,8,16.256,16,16.256,0.041666666666666664,0.9166666666666666,0.041666666666666664
622663,"Severino, Luis","Pit",147,727,727,510,16.258,217,16.258,0.2861072902338377,0.6478679504814305,0.06602475928473177
666120,"Anderson, Ian","Pit",144,893,893,593,16.262,300,16.262,0.23964165733482642,0.7133258678611423,0.04703247480403135
676477,"Whitlock, Garrett","Pit",111,525,525,379,16.266,146,16.266,0.22285714285714286,0.7276190476190476,0.049523809523809526
672282,"Detmers, Reid","Pit",108,1005,1005,622,16.271,383,16.271,0.20298507462686566,0.7522388059701492,0.04477611940298507
670174,"Winckowski, Josh","Pit",111,598,598,348,16.29,250,16.29,0.21237458193979933,0.7123745819397993,0.07525083612040134
678394,"Bello, Brayan","Pit",111,469,469,225,16.291,244,16.291,0.16417910447761194,0.6695095948827292,0.16631130063965885
686752,"Pepiot, Ryan","Pit",119,379,379,223,16.351,156,16.351,0.19525065963060687,0.7810026385224275,0.023746701846965697
663804,"Kowar, Jackson","Pit",118,145,145,82,16.366,63,16.366,0.15862068965517243,0.8275862068965517,0.013793103448275862
547179,"Lorenzen, Michael","Pit",108,763,763,478,16.38,285,16.38,0.22280471821756226,0.7431192660550459,0.03407601572739188
543521,"McHugh, Collin","Pit",144,482,482,279,16.381,203,16.381,0.15560165975103735,0.8008298755186722,0.043568464730290454
642659,"Espinal, Raynel","Pit",113,32,32,25,16.381,7,16.381,0.34375,0.65625,0
624133,"Suárez, Ranger","Pit",143,1227,1227,791,16.406,436,16.406,0.2143439282803586,0.7440912795436023,0.04156479217603912
641712,"Hudson, Dakota","Pit",138,1098,1098,669,16.42,429,16.42,0.1766848816029144,0.7522768670309654,0.07103825136612021
672715,"Patiño, Luis","Pit",139,158,158,95,16.423,63,16.423,0.2088607594936709,0.740506329113924,0.05063291139240506
659262,"Espinoza, Anderson","Pit",112,191,191,113,16.437,78,16.437,0.14659685863874344,0.806282722513089,0.04712041884816754
657746,"Ryan, Joe","Pit",142,1032,1032,674,16.439,358,16.439,0.2063953488372093,0.7374031007751938,0.0562015503875969
664353,"Urquidy, José","Pit",117,1134,1134,717,16.44,417,16.44,0.21075837742504408,0.7530864197530864,0.036155202821869487
642203,"Widener, Taylor","Pit",109,132,132,75,16.455,57,16.455,0.10606060606060606,0.8333333333333334,0.06060606060606061
622766,"Diaz, Miguel","Pit",116,23,23,17,16.471,6,16.471,0.21739130434782608,0.7391304347826086,0.043478260869565216
686753,"Jameson, Drey","Pit",109,171,171,123,16.482,48,16.482,0.1286549707602339,0.8421052631578947,0.029239766081871343
669923,"Kirby, George","Pit",136,889,889,569,16.483,320,16.483,0.17885264341957255,0.7581552305961755,0.06299212598425197
595939,"Ellis, Chris","Pit",110,39,39,20,16.509,19,16.509,0.1282051282051282,0.7692307692307693,0.10256410256410256
656232,"Bielak, Brandon","Pit",117,114,114,65,16.514,49,16.514,0.14035087719298245,0.8157894736842105,0.043859649122807015
641540,"Dunning, Dane","Pit",140,1209,1209,767,16.515,442,16.515,0.1968569065343259,0.7468982630272953,0.05624483043837883
670912,"Oviedo, Johan","Pit",134,445,445,270,16.518,175,16.518,0.19775280898876405,0.750561797752809,0.051685393258426963
670124,"Oller, Adam","Pit",133,593,593,359,16.52,234,16.52,0.1736930860033727,0.7757166947723441,0.050590219224283306
666159,"Manning, Matt","Pit",116,441,441,298,16.539,143,16.539,0.18140589569160998,0.7913832199546486,0.027210884353741496
573186,"Stroman, Marcus","Pit",112,1047,1047,708,16.545,339,16.545,0.20152817574021012,0.7621776504297995,0.03629417382999045
570632,"Ureña, José","Pit",115,741,741,453,16.561,288,16.561,0.17273954116059378,0.7611336032388664,0.06612685560053981
502179,"Espino, Paolo","Pit",120,932,932,628,16.562,304,16.562,0.18240343347639484,0.7725321888412017,0.045064377682403435
468504,"Chacín, Jhoulys","Pit",115,362,362,195,16.582,167,16.582,0.15193370165745856,0.7928176795580111,0.055248618784530384
621219,"Mills, Alec","Pit",112,138,138,83,16.589,55,16.589,0.13768115942028986,0.8405797101449275,0.021739130434782608
621383,"Banks, Tanner","Pit",145,398,398,252,16.598,146,16.598,0.16331658291457288,0.7989949748743719,0.03768844221105527
453286,"Scherzer, Max","Pit",121,931,931,702,16.612,229,16.612,0.21374865735767992,0.7475832438238453,0.03866809881847476
621121,"McCullers Jr., Lance","Pit",117,375,375,229,16.612,146,16.612,0.17066666666666666,0.712,0.11733333333333333
641627,"Gott, Trevor","Pit",158,378,378,222,16.62,156,16.62,0.12962962962962962,0.8068783068783069,0.06349206349206349
678692,"Henriquez, Ronny","Pit",142,83,83,40,16.625,43,16.625,0.0963855421686747,0.891566265060241,0.012048192771084338
666619,"Santos, Gregory","Pit",137,33,33,16,16.634,17,16.634,0.15151515151515152,0.8484848484848485,0
571917,"Markel, Parker","Pit",133,36,36,8,16.64,28,16.64,0,0.9444444444444444,0.05555555555555555
554430,"Wheeler, Zack","Pit",143,1030,1030,696,16.643,334,16.643,0.2,0.7495145631067961,0.05048543689320388
657006,"Steele, Justin","Pit",112,941,941,564,16.647,377,16.647,0.18172157279489903,0.7768331562167906,0.04144527098831031
593974,"Peralta, Wandy","Pit",147,335,335,214,16.651,121,16.651,0.24477611940298508,0.6776119402985075,0.07761194029850746
605242,"Fulmer, Michael","Pit",142,507,507,287,16.658,220,16.658,0.1301775147928994,0.7810650887573964,0.08875739644970414
519242,"Sale, Chris","Pit",111,56,56,33,16.66,23,16.66,0.08928571428571429,0.8571428571428571,0.05357142857142857
628452,"Iglesias, Raisel","Pit",144,426,426,260,16.663,166,16.663,0.17370892018779344,0.7511737089201878,0.07511737089201878
666142,"Ragans, Cole","Pit",140,312,312,190,16.665,122,16.665,0.1794871794871795,0.7788461538461539,0.041666666666666664
475479,"Phelps, David","Pit",141,578,578,314,16.666,264,16.666,0.19204152249134948,0.7145328719723183,0.09342560553633218
501381,"Pineda, Michael","Pit",116,321,321,233,16.685,88,16.685,0.2118380062305296,0.7102803738317757,0.0778816199376947
667463,"King, John","Pit",140,340,340,175,16.698,165,16.698,0.11470588235294117,0.8441176470588235,0.041176470588235294
669160,"May, Dustin","Pit",119,223,223,145,16.698,78,16.698,0.13901345291479822,0.7533632286995515,0.10762331838565023
666129,"Garrett, Braxton","Pit",146,649,649,434,16.7,215,16.7,0.1694915254237288,0.765793528505393,0.06471494607087827
676974,"Meyer, Max","Pit",146,41,41,39,16.707,2,16.707,0.21951219512195122,0.7317073170731707,0.04878048780487805
572125,"Selman, Sam","Pit",133,146,146,99,16.745,47,16.745,0.18493150684931506,0.773972602739726,0.0410958904109589
605194,"Cotton, Jharel","Pit",137,314,314,175,16.746,139,16.746,0.18789808917197454,0.7547770700636943,0.05732484076433121
669169,"Heasley, Jonathan","Pit",118,841,841,489,16.75,352,16.75,0.15338882282996433,0.807372175980975,0.039239001189060645
640444,"Crowe, Wil","Pit",134,635,635,399,16.75,236,16.75,0.17480314960629922,0.7417322834645669,0.08346456692913386
681867,"Criswell, Cooper","Pit",139,24,24,23,16.763,1,16.763,0.20833333333333334,0.7916666666666666,0
642657,"Ogando, Cristofer","Pit",139,36,36,14,16.786,22,16.786,0.08333333333333333,0.9166666666666666,0
680739,"Winder, Josh","Pit",142,508,508,343,16.79,165,16.79,0.17716535433070865,0.7460629921259843,0.07677165354330709
425794,"Wainwright, Adam","Pit",138,1554,1554,1000,16.797,554,16.797,0.19111969111969113,0.7400257400257401,0.06885456885456885
656970,"Smeltzer, Devin","Pit",142,542,542,376,16.814,166,16.814,0.11439114391143912,0.8597785977859779,0.025830258302583026
667465,"Fletcher, Aaron","Pit",134,85,85,58,16.827,27,16.827,0.11764705882352941,0.8705882352941177,0.011764705882352941
669214,"Menez, Conner","Pit",112,12,12,4,16.836,8,16.836,0,1,0
663562,"Davis, Noah","Pit",115,18,18,9,16.838,9,16.838,0,0.9444444444444444,0.05555555555555555
663773,"Hoeing, Bryan","Pit",146,140,140,81,16.844,59,16.844,0.08571428571428572,0.8857142857142857,0.02857142857142857
688010,"Fisher, Nate","Pit",121,21,21,15,16.847,6,16.847,0.14285714285714285,0.7142857142857143,0.14285714285714285
608716,"Steckenrider, Drew","Pit",136,118,118,74,16.854,44,16.854,0.11864406779661017,0.8050847457627118,0.07627118644067797
623451,"Stephens, Jackson","Pit",144,426,426,233,16.858,193,16.858,0.1643192488262911,0.7347417840375586,0.10093896713615023
607237,"Garrett, Amir","Pit",118,374,374,166,16.864,208,16.864,0.14705882352941177,0.8155080213903744,0.0374331550802139
502171,"Cobb, Alex","Pit",137,1153,1153,747,16.876,406,16.876,0.20034692107545535,0.7276669557675629,0.07198612315698179
669270,"Kuhnel, Joel","Pit",113,425,425,244,16.89,181,16.89,0.17647058823529413,0.7835294117647059,0.04
675911,"Strider, Spencer","Pit",144,1006,1006,713,16.891,293,16.891,0.16500994035785288,0.7852882703777336,0.04970178926441352
621107,"Eflin, Zach","Pit",143,543,543,361,16.907,182,16.907,0.16390423572744015,0.7826887661141805,0.053406998158379376
605397,"Musgrove, Joe","Pit",135,1339,1339,889,16.908,450,16.908,0.1179985063480209,0.7998506348020911,0.08215085884988797
658431,"Medina, Adonis","Pit",121,185,185,106,16.912,79,16.912,0.16756756756756758,0.7891891891891892,0.043243243243243246
656814,"Ortiz, Luis","Pit",137,51,51,31,16.936,20,16.936,0.0784313725490196,0.8627450980392157,0.058823529411764705
668678,"Gallen, Zac","Pit",109,1314,1314,975,16.937,339,16.937,0.2054794520547945,0.6963470319634704,0.09817351598173515
608648,"Duffey, Tyler","Pit",142,353,353,225,16.946,128,16.946,0.09348441926345609,0.8526912181303116,0.053824362606232294
446372,"Kluber, Corey","Pit",139,1085,1085,725,16.964,360,16.964,0.12903225806451613,0.8331797235023042,0.03778801843317972
676710,"Crawford, Kutter","Pit",111,589,589,404,16.967,185,16.967,0.1765704584040747,0.7402376910016978,0.0831918505942275
664337,"Yajure, Miguel","Pit",134,220,220,119,16.967,101,16.967,0.13636363636363635,0.7909090909090909,0.07272727272727272
518876,"Kelly, Merrill","Pit",109,1385,1385,936,16.982,449,16.982,0.16534296028880865,0.7776173285198555,0.05703971119133574
676083,"Junk, Janson","Pit",108,74,74,47,16.983,27,16.983,0.05405405405405406,0.918918918918919,0.02702702702702703
607625,"Lugo, Seth","Pit",121,536,536,330,16.988,206,16.988,0.17350746268656717,0.7873134328358209,0.03917910447761194
543294,"Hendricks, Kyle","Pit",112,653,653,443,16.989,210,16.989,0.10719754977029096,0.8698315467075038,0.022970903522205207
518553,"Cishek, Steve","Pit",120,604,604,345,16.996,259,16.996,0.10596026490066225,0.8543046357615894,0.039735099337748346
661395,"Duran, Jhoan","Pit",142,394,394,253,17.001,141,17.001,0.1802030456852792,0.6903553299492385,0.12944162436548223
664202,"Cyr, Tyler","Pit",133,99,99,63,17.017,36,17.017,0.1414141414141414,0.8181818181818182,0.04040404040404041
601713,"Pivetta, Nick","Pit",111,1394,1394,845,17.019,549,17.019,0.1398852223816356,0.7525107604017217,0.10760401721664276
488984,"Hunter, Tommy","Pit",121,139,139,75,17.032,64,17.032,0.1079136690647482,0.8561151079136691,0.03597122302158273
643511,"Rogers, Tyler","Pit",137,600,600,348,17.04,252,17.04,0.055,0.925,0.02
660825,"Bazardo, Eduard","Pit",111,112,112,76,17.041,36,17.041,0.16964285714285715,0.7857142857142857,0.044642857142857144
641816,"Mahle, Tyler","Pit",142,1027,1027,682,17.046,345,17.046,0.17818889970788704,0.7702044790652386,0.05160662122687439
594798,"deGrom, Jacob","Pit",121,381,381,321,17.073,60,17.073,0.2073490813648294,0.7506561679790026,0.04199475065616798
622694,"Hernandez, Elieser","Pit",146,480,480,320,17.086,160,17.086,0.15416666666666667,0.8020833333333334,0.04375
656354,"Davis, Austin","Pit",142,530,530,296,17.102,234,17.102,0.1169811320754717,0.8566037735849057,0.026415094339622643
660593,"Reyes, Denyi","Pit",110,43,43,28,17.113,15,17.113,0.16279069767441862,0.813953488372093,0.023255813953488372
623485,"Goudeau, Ashton","Pit",115,170,170,83,17.127,87,17.127,0.08823529411764706,0.8705882352941177,0.041176470588235294
681885,"Lee, Evan","Pit",120,86,86,56,17.129,30,17.129,0.1744186046511628,0.7093023255813954,0.11627906976744186
668881,"Greene, Hunter","Pit",113,957,957,659,17.132,298,17.132,0.16300940438871472,0.7972831765935214,0.03970741901776385
572971,"Keuchel, Dallas","Pit",140,551,551,301,17.133,250,17.133,0.0852994555353902,0.8802177858439202,0.034482758620689655
548389,"Stripling, Ross","Pit",141,898,898,634,17.136,264,17.136,0.15256124721603564,0.8151447661469933,0.03229398663697105
663978,"Paddack, Chris","Pit",142,153,153,115,17.138,38,17.138,0.16339869281045752,0.7712418300653595,0.06535947712418301
592791,"Taillon, Jameson","Pit",147,1287,1287,858,17.141,429,17.141,0.12354312354312354,0.8383838383838383,0.03807303807303807
657612,"Hill, Tim","Pit",135,370,370,205,17.147,165,17.147,0.11351351351351352,0.8432432432432433,0.043243243243243246
659275,"Lamet, Dinelson","Pit",115,270,270,146,17.151,124,17.151,0.14444444444444443,0.7925925925925926,0.06296296296296296
641501,"Danish, Tyler","Pit",111,340,340,232,17.169,108,17.169,0.1323529411764706,0.8441176470588235,0.023529411764705882
592866,"Williams, Trevor","Pit",121,644,644,439,17.173,205,17.173,0.12888198757763975,0.8322981366459627,0.03881987577639751
669060,"Wilson, Bryse","Pit",134,866,866,523,17.174,343,17.174,0.12124711316397228,0.8464203233256351,0.03233256351039261
666157,"Lodolo, Nick","Pit",113,850,850,533,17.176,317,17.176,0.11411764705882353,0.8435294117647059,0.042352941176470586
434671,"Sánchez, Aníbal","Pit",120,570,570,392,17.19,178,17.19,0.1456140350877193,0.8070175438596491,0.04736842105263158
663556,"McClanahan, Shane","Pit",139,1120,1120,803,17.196,317,17.196,0.16785714285714284,0.8008928571428572,0.03125
663975,"Duron, Nick","Pit",143,8,8,4,17.234,4,17.234,0,1,0
665152,"Kremer, Dean","Pit",110,852,852,566,17.239,286,17.239,0.1431924882629108,0.7922535211267606,0.06455399061032864
607536,"Freeland, Kyle","Pit",115,1313,1313,834,17.239,479,17.239,0.13023610053313023,0.7951256664127951,0.07463823305407463
668970,"Hollowell, Gavin","Pit",115,73,73,34,17.239,39,17.239,0.1095890410958904,0.7671232876712328,0.1232876712328767
642121,"Sulser, Cole","Pit",146,259,259,163,17.248,96,17.248,0.13127413127413126,0.833976833976834,0.03474903474903475
571710,"Givens, Mychal","Pit",121,500,500,270,17.249,230,17.249,0.124,0.802,0.074
643316,"Fry, Paul","Pit",109,111,111,45,17.261,66,17.261,0.04504504504504504,0.9009009009009009,0.05405405405405406
669432,"Rogers, Trevor","Pit",146,860,860,534,17.276,326,17.276,0.09651162790697675,0.8255813953488372,0.07790697674418605
665896,"Marte, Jose","Pit",108,141,141,50,17.289,91,17.289,0.0851063829787234,0.8723404255319149,0.0425531914893617
657376,"Schmidt, Clarke","Pit",147,428,428,217,17.293,211,17.293,0.09813084112149532,0.8084112149532711,0.09345794392523364
676050,"Naughton, Packy","Pit",138,276,276,164,17.3,112,17.3,0.16666666666666666,0.782608695652174,0.050724637681159424
666374,"Brash, Matt","Pit",136,458,458,231,17.302,227,17.302,0.1222707423580786,0.8056768558951966,0.07205240174672489
641656,"Hamilton, Ian","Pit",142,18,18,8,17.305,10,17.305,0,1,0
665645,"Castro, Kervin","Pit",112,121,121,74,17.307,47,17.307,0.18181818181818182,0.7933884297520661,0.024793388429752067
450203,"Morton, Charlie","Pit",144,1367,1367,935,17.319,432,17.319,0.14923189465983908,0.7959034381858083,0.0548646671543526
622253,"Tate, Dillon","Pit",110,485,485,286,17.322,199,17.322,0.10103092783505155,0.8474226804123711,0.05154639175257732
663629,"Small, Ethan","Pit",158,65,65,30,17.325,35,17.325,0.15384615384615385,0.7692307692307693,0.07692307692307693
663372,"Feltner, Ryan","Pit",115,797,797,501,17.327,296,17.327,0.13801756587202008,0.8080301129234629,0.053952321204516936
607192,"Glasnow, Tyler","Pit",139,52,52,41,17.329,11,17.329,0.09615384615384616,0.8846153846153846,0.019230769230769232
657697,"Nittoli, Vinny","Pit",143,18,18,16,17.33,2,17.33,0.16666666666666666,0.8333333333333334,0
607200,"Fedde, Erick","Pit",120,1253,1253,741,17.332,512,17.332,0.12689545091779728,0.816440542697526,0.05666400638467677
669194,"Nelson, Ryne","Pit",109,126,126,92,17.349,34,17.349,0.10317460317460317,0.8650793650793651,0.031746031746031744
519008,"McFarland, T.J.","Pit",138,226,226,115,17.364,111,17.364,0.09292035398230089,0.8584070796460177,0.048672566371681415
502085,"Robertson, David","Pit",143,503,503,294,17.371,209,17.371,0.10139165009940358,0.856858846918489,0.041749502982107355
665795,"Cabrera, Edward","Pit",146,591,591,412,17.392,179,17.392,0.16751269035532995,0.7749576988155669,0.05752961082910321
621016,"Cuas, Jose","Pit",118,338,338,146,17.394,192,17.394,0.10059171597633136,0.8579881656804734,0.04142011834319527
502202,"Boxberger, Brad","Pit",158,533,533,290,17.407,243,17.407,0.0525328330206379,0.900562851782364,0.04690431519699812
641793,"Littell, Zack","Pit",137,315,315,178,17.408,137,17.408,0.13968253968253969,0.8444444444444444,0.015873015873015872
594577,"Mayers, Mike","Pit",108,406,406,276,17.417,130,17.417,0.1625615763546798,0.7684729064039408,0.06896551724137931
542881,"Anderson, Tyler","Pit",119,1083,1083,758,17.418,325,17.418,0.10156971375807941,0.8578024007386889,0.040627885503231764
656492,"Griffin, Foster","Pit",141,53,53,26,17.422,27,17.422,0.05660377358490566,0.8679245283018868,0.07547169811320754
607755,"Vasquez, Andrew","Pit",137,90,90,52,17.433,38,17.433,0.17777777777777778,0.8,0.022222222222222223
664871,"Dowdy, Kyle","Pit",113,41,41,23,17.437,18,17.437,0.07317073170731707,0.926829268292683,0
622075,"Almonte, Yency","Pit",119,226,226,149,17.439,77,17.439,0.06637168141592921,0.9026548672566371,0.030973451327433628
657508,"Baumann, Mike","Pit",110,245,245,137,17.444,108,17.444,0.13877551020408163,0.8163265306122449,0.044897959183673466
518516,"Bumgarner, Madison","Pit",109,1247,1247,748,17.444,499,17.444,0.11868484362469928,0.8227746591820368,0.05854049719326383
656427,"Flaherty, Jack","Pit",138,317,317,174,17.455,143,17.455,0.10410094637223975,0.8170347003154574,0.07886435331230283
623167,"Flexen, Chris","Pit",136,957,957,628,17.467,329,17.467,0.12121212121212122,0.8275862068965517,0.051201671891327065
650644,"Civale, Aaron","Pit",114,749,749,505,17.468,244,17.468,0.08945260347129506,0.8678237650200267,0.042723631508678236
666214,"Wentz, Joey","Pit",116,275,275,194,17.475,81,17.475,0.11636363636363636,0.8545454545454545,0.02909090909090909
641729,"Jiménez, Joe","Pit",116,384,384,254,17.494,130,17.494,0.078125,0.875,0.046875
622786,"Tinoco, Jesus","Pit",140,164,164,88,17.494,76,17.494,0.09146341463414634,0.8902439024390244,0.018292682926829267
607359,"Patton, Spencer","Pit",140,55,55,36,17.499,19,17.499,0.05454545454545454,0.8909090909090909,0.05454545454545454
641835,"Mayza, Tim","Pit",141,352,352,222,17.525,130,17.525,0.14772727272727273,0.7982954545454546,0.05397727272727273
608032,"Estévez, Carlos","Pit",115,457,457,280,17.559,177,17.559,0.12253829321663019,0.824945295404814,0.0525164113785558
686972,"Waites, Cole","Pit",137,45,45,22,17.56,23,17.56,0.044444444444444446,0.9333333333333333,0.022222222222222223
592712,"Sadzeck, Connor","Pit",158,24,24,11,17.567,13,17.567,0,0.875,0.125
676831,"Whitley, Kodi","Pit",138,120,120,64,17.584,56,17.584,0.058333333333333334,0.8833333333333333,0.058333333333333334
682051,"Hill, Garrett","Pit",116,476,476,279,17.588,197,17.588,0.07773109243697479,0.8823529411764706,0.03991596638655462
670950,"Richards, Trevor","Pit",141,553,553,356,17.596,197,17.596,0.10126582278481013,0.8607594936708861,0.0379746835443038
543037,"Cole, Gerrit","Pit",147,1490,1490,1042,17.603,448,17.603,0.14966442953020134,0.7771812080536913,0.07315436241610739
621242,"Díaz, Edwin","Pit",121,384,384,235,17.603,149,17.603,0.16145833333333334,0.796875,0.041666666666666664
621074,"Rucker, Michael","Pit",112,430,430,246,17.605,184,17.605,0.07441860465116279,0.8837209302325582,0.04186046511627907
678061,"Kerr, Ray","Pit",135,42,42,23,17.613,19,17.613,0.07142857142857142,0.7857142857142857,0.14285714285714285
643290,"Dunn, Justin","Pit",113,269,269,196,17.631,73,17.631,0.048327137546468404,0.9107806691449815,0.040892193308550186
642547,"Peralta, Freddy","Pit",158,667,667,464,17.632,203,17.632,0.10044977511244378,0.8350824587706147,0.06446776611694154
630023,"Chirinos, Yonny","Pit",139,43,43,20,17.633,23,17.633,0,0.8372093023255814,0.16279069767441862
605195,"Crick, Kyle","Pit",145,142,142,67,17.635,75,17.635,0.02112676056338028,0.9436619718309859,0.035211267605633804
571800,"Hutchison, Drew","Pit",116,776,776,474,17.643,302,17.643,0.125,0.8311855670103093,0.04381443298969072
500779,"Quintana, José","Pit",138,1245,1245,803,17.645,442,17.645,0.1285140562248996,0.8184738955823293,0.05301204819277108
663460,"Bubic, Kris","Pit",118,1055,1055,616,17.647,439,17.647,0.11848341232227488,0.833175355450237,0.04834123222748815
677865,"Bruihl, Justin","Pit",119,142,142,89,17.659,53,17.659,0.1056338028169014,0.8802816901408451,0.014084507042253521
608371,"Sims, Lucas","Pit",113,72,72,29,17.659,43,17.659,0.041666666666666664,0.9583333333333334,0
650204,"Ruiz, Norge","Pit",133,155,155,61,17.661,94,17.661,0.13548387096774195,0.8193548387096774,0.04516129032258064
656657,"Logue, Zach","Pit",133,484,484,321,17.663,163,17.663,0.10330578512396695,0.871900826446281,0.024793388429752067
543243,"Gray, Sonny","Pit",142,900,900,604,17.667,296,17.667,0.10333333333333333,0.83,0.06666666666666667
676130,"Butto, Jose","Pit",121,40,40,16,17.689,24,17.689,0.025,0.9,0.075
669854,"Blanco, Ronel","Pit",117,43,43,19,17.693,24,17.693,0.09302325581395349,0.813953488372093,0.09302325581395349
471911,"Carrasco, Carlos","Pit",121,1035,1035,678,17.695,357,17.695,0.08405797101449275,0.8898550724637682,0.02608695652173913
425844,"Greinke, Zack","Pit",118,1075,1075,649,17.696,426,17.696,0.16465116279069766,0.7776744186046511,0.05767441860465116
667498,"Dugger, Robert","Pit",113,139,139,82,17.716,57,17.716,0.050359712230215826,0.8561151079136691,0.09352517985611511
607259,"Martinez, Nick","Pit",135,771,771,476,17.727,295,17.727,0.12321660181582361,0.7367055771725033,0.14007782101167315
661383,"Ortega, Oliver","Pit",108,233,233,139,17.735,94,17.735,0.1072961373390558,0.7811158798283262,0.11158798283261803
528748,"Castellanos, Humberto","Pit",109,361,361,208,17.749,153,17.749,0.0443213296398892,0.8975069252077562,0.05817174515235457
665871,"Assad, Javier","Pit",112,320,320,199,17.758,121,17.758,0.1,0.815625,0.084375
657424,"Gage, Matt","Pit",141,84,84,45,17.762,39,17.762,0.03571428571428571,0.8571428571428571,0.10714285714285714
543135,"Eovaldi, Nathan","Pit",111,750,750,500,17.767,250,17.767,0.12533333333333332,0.804,0.07066666666666667
675627,"Grove, Michael","Pit",119,203,203,128,17.77,75,17.77,0.04926108374384237,0.9014778325123153,0.04926108374384237
664285,"Valdez, Framber","Pit",117,1381,1381,906,17.774,475,17.774,0.18609703113685735,0.7494569152787834,0.06444605358435916
592717,"Sanchez, Aaron","Pit",142,472,472,312,17.81,160,17.81,0.12076271186440678,0.8241525423728814,0.05508474576271186
676714,"Hughes, Brandon","Pit",112,417,417,248,17.81,169,17.81,0.0671462829736211,0.8992805755395683,0.03357314148681055
669713,"Wesneski, Hayden","Pit",112,222,222,153,17.821,69,17.821,0.0945945945945946,0.8468468468468469,0.05855855855855856
640470,"Alzolay, Adbert","Pit",112,77,77,61,17.843,16,17.843,0.12987012987012986,0.8441558441558441,0.025974025974025976
643410,"Leiter Jr., Mark","Pit",112,520,520,322,17.846,198,17.846,0.06346153846153846,0.8653846153846154,0.07115384615384615
660600,"Paredes, Enoli","Pit",117,26,26,13,17.85,13,17.85,0.11538461538461539,0.8846153846153846,0
656954,"Sheffield, Justus","Pit",136,85,85,56,17.87,29,17.87,0.15294117647058825,0.8117647058823529,0.03529411764705882
676660,"Solomon, Jared","Pit",113,72,72,47,17.873,25,17.873,0.06944444444444445,0.8888888888888888,0.041666666666666664
643256,"Cimber, Adam","Pit",141,482,482,267,17.875,215,17.875,0.05394190871369295,0.8941908713692946,0.05186721991701245
668834,"McGee, Easton","Pit",139,23,23,10,17.897,13,17.897,0.043478260869565216,0.8695652173913043,0.08695652173913043
669459,"Nelson, Kyle","Pit",109,265,265,152,17.923,113,17.923,0.07169811320754717,0.9132075471698113,0.01509433962264151
547184,"Kelly, Michael","Pit",143,30,30,23,17.924,7,17.924,0,1,0
643615,"Zeuch, T.J.","Pit",113,125,125,59,17.932,66,17.932,0.048,0.904,0.048
656638,"Lange, Alex","Pit",116,477,477,269,17.939,208,17.939,0.09224318658280922,0.8301886792452831,0.07756813417190776
605135,"Bassitt, Chris","Pit",121,1393,1393,890,17.943,503,17.943,0.14788226848528357,0.7494615936826992,0.10265613783201723
656061,"Abreu, Albert","Pit",147,336,336,189,17.943,147,17.943,0.09226190476190477,0.8065476190476191,0.10119047619047619
663765,"Woodford, Jake","Pit",138,320,320,192,17.954,128,17.954,0.090625,0.859375,0.05
664944,"Vieaux, Cam","Pit",134,103,103,38,17.964,65,17.964,0.019417475728155338,0.9223300970873787,0.05825242718446602
664776,"Cousins, Jake","Pit",158,135,135,70,17.97,65,17.97,0.05925925925925926,0.8518518518518519,0.08888888888888889
660813,"Graterol, Brusdar","Pit",119,263,263,160,17.983,103,17.983,0.04182509505703422,0.9277566539923955,0.030418250950570342
668873,"Kilian, Caleb","Pit",112,117,117,62,18.008,55,18.008,0.008547008547008548,0.9145299145299145,0.07692307692307693
655889,"Rodríguez, Manuel","Pit",112,90,90,44,18.021,46,18.021,0.044444444444444446,0.8555555555555555,0.1
608331,"Fried, Max","Pit",144,1283,1283,863,18.041,420,18.041,0.1363990646921278,0.7622759158222915,0.10132501948558068
501625,"Alvarez, Jose","Pit",137,123,123,49,18.042,74,18.042,0.04065040650406504,0.8699186991869918,0.08943089430894309
656234,"Bird, Jake","Pit",115,381,381,220,18.046,161,18.046,0.028871391076115485,0.931758530183727,0.03937007874015748
592716,"Sampson, Adrian","Pit",112,786,786,536,18.08,250,18.08,0.08142493638676845,0.8295165394402035,0.089058524173028
656820,"Padilla, Nicholas","Pit",112,25,25,5,18.084,20,18.084,0,0.96,0.04
641726,"Jefferies, Daulton","Pit",133,274,274,163,18.104,111,18.104,0.11678832116788321,0.8248175182481752,0.058394160583941604
621076,"Kaprielian, James","Pit",133,1024,1024,624,18.114,400,18.114,0.083984375,0.8349609375,0.0810546875
669145,"Zimmermann, Bruce","Pit",110,503,503,355,18.115,148,18.115,0.06560636182902585,0.8687872763419483,0.06560636182902585
657770,"Stout, Eric","Pit",134,230,230,97,18.12,133,18.12,0.05217391304347826,0.8956521739130435,0.05217391304347826
592169,"Brice, Austin","Pit",134,57,57,33,18.132,24,18.132,0.017543859649122806,0.9649122807017544,0.017543859649122806
623474,"Herget, Jimmy","Pit",108,491,491,304,18.136,187,18.136,0.0835030549898167,0.8268839103869654,0.08961303462321792
623211,"Brazoban, Huascar","Pit",146,285,285,137,18.142,148,18.142,0.04912280701754386,0.7929824561403509,0.15789473684210525
664092,"Poppen, Sean","Pit",109,227,227,109,18.143,118,18.143,0,0.947136563876652,0.05286343612334802
622098,"Smith, Drew","Pit",121,357,357,216,18.149,141,18.149,0.05322128851540616,0.9131652661064426,0.03361344537815126
592761,"Smith, Caleb","Pit",109,559,559,326,18.152,233,18.152,0.044722719141323794,0.9141323792486583,0.04114490161001789
661269,"Gutierrez, Vladimir","Pit",113,331,331,176,18.164,155,18.164,0.09667673716012085,0.8036253776435045,0.09969788519637462
663378,"Szapucki, Thomas","Pit",137,135,135,87,18.179,48,18.179,0.07407407407407407,0.8962962962962963,0.02962962962962963
621248,"Garza Jr., Ralph","Pit",139,242,242,142,18.186,100,18.186,0.01652892561983471,0.9421487603305785,0.04132231404958678
527048,"Pérez, Martín","Pit",140,1431,1431,874,18.191,557,18.191,0.1146051712089448,0.7470300489168413,0.13836477987421383
543766,"Shaw, Bryan","Pit",114,445,445,238,18.194,207,18.194,0.04719101123595506,0.898876404494382,0.05393258426966292
668868,"Thompson, Zack","Pit",138,272,272,199,18.195,73,18.195,0.09191176470588236,0.8676470588235294,0.04044117647058824
643338,"Green, Chad","Pit",147,85,85,45,18.214,40,18.214,0.011764705882352941,0.9411764705882353,0.047058823529411764
663158,"Suarez, Robert","Pit",135,361,361,211,18.242,150,18.242,0.030470914127423823,0.9058171745152355,0.06371191135734072
596133,"Weaver, Luke","Pit",118,292,292,143,18.253,149,18.253,0.0821917808219178,0.8835616438356164,0.03424657534246575
605151,"Bradley, Archie","Pit",108,141,141,81,18.253,60,18.253,0.10638297872340426,0.7801418439716312,0.11347517730496454
669912,"Snead, Kirby","Pit",133,380,380,177,18.266,203,18.266,0.05263157894736842,0.8894736842105263,0.05789473684210526
641302,"Alexander, Tyler","Pit",116,706,706,446,18.269,260,18.269,0.029745042492917848,0.9475920679886686,0.0226628895184136
663947,"Holton, Tyler","Pit",109,71,71,49,18.27,22,18.27,0.08450704225352113,0.8732394366197183,0.04225352112676056
656529,"Hentges, Sam","Pit",114,413,413,263,18.27,150,18.27,0.014527845036319613,0.937046004842615,0.048426150121065374
685503,"Arihara, Kohei","Pit",140,178,178,86,18.298,92,18.298,0.05056179775280899,0.8876404494382022,0.06179775280898876
571946,"Miller, Shelby","Pit",137,62,62,46,18.305,16,18.305,0.04838709677419355,0.9354838709677419,0.016129032258064516
643230,"Brault, Steven","Pit",112,73,73,32,18.311,41,18.311,0.0136986301369863,0.9178082191780822,0.0684931506849315
656008,"Zabala, Aneurys","Pit",146,16,16,5,18.322,11,18.322,0,1,0
548384,"Raley, Brooks","Pit",139,407,407,263,18.325,144,18.325,0.10073710073710074,0.8427518427518428,0.056511056511056514
643400,"Knight, Dusten","Pit",139,86,86,54,18.335,32,18.335,0.03488372093023256,0.9069767441860465,0.05813953488372093
592858,"Wick, Rowan","Pit",112,508,508,261,18.341,247,18.341,0.07283464566929133,0.8385826771653543,0.08858267716535433
572070,"Richards, Garrett","Pit",140,313,313,211,18.357,102,18.357,0.0926517571884984,0.8434504792332268,0.06389776357827476
650959,"Diplán, Marcos","Pit",110,58,58,30,18.359,28,18.359,0.10344827586206896,0.8103448275862069,0.08620689655172414
680694,"Bradish, Kyle","Pit",110,920,920,588,18.363,332,18.363,0.13804347826086957,0.7858695652173913,0.07608695652173914
642232,"Yarbrough, Ryan","Pit",139,603,603,369,18.364,234,18.364,0.07296849087893864,0.8424543946932007,0.0845771144278607
572403,"VerHagen, Drew","Pit",138,188,188,95,18.365,93,18.365,0.0851063829787234,0.8138297872340425,0.10106382978723404
612434,"Castro, Miguel","Pit",147,268,268,121,18.369,147,18.369,0.048507462686567165,0.8805970149253731,0.0708955223880597
656458,"Gilbreath, Lucas","Pit",115,392,392,203,18.375,189,18.375,0.030612244897959183,0.8979591836734694,0.07142857142857142
606303,"Payamps, Joel","Pit",133,441,441,259,18.383,182,18.383,0.05442176870748299,0.9047619047619048,0.04081632653061224
664062,"Gonsolin, Tony","Pit",119,878,878,642,18.395,236,18.395,0.03986332574031891,0.9066059225512528,0.05353075170842825
503449,"Peralta, Wily","Pit",116,340,340,181,18.402,159,18.402,0.07058823529411765,0.8441176470588235,0.08529411764705883
595345,"Okert, Steven","Pit",146,462,462,254,18.405,208,18.405,0.010822510822510822,0.9307359307359307,0.05844155844155844
663534,"Walters, Nash","Pit",108,7,7,4,18.412,3,18.412,0,0.8571428571428571,0.14285714285714285
668933,"Ashcraft, Graham","Pit",113,791,791,486,18.415,305,18.415,0.04298356510745891,0.9216182048040455,0.035398230088495575
657240,"Merryweather, Julian","Pit",141,172,172,89,18.434,83,18.434,0.023255813953488372,0.9534883720930233,0.023255813953488372
621348,"Clay, Sam","Pit",121,57,57,34,18.435,23,18.435,0.017543859649122806,0.9649122807017544,0.017543859649122806
663752,"Morris, Cody","Pit",114,173,173,98,18.44,75,18.44,0.017341040462427744,0.8959537572254336,0.08670520231213873
570257,"Rodríguez, Joely","Pit",121,414,414,253,18.442,161,18.442,0.04830917874396135,0.9154589371980676,0.036231884057971016
672391,"Ort, Kaleb","Pit",111,236,236,103,18.452,133,18.452,0.025423728813559324,0.9152542372881356,0.059322033898305086
656578,"Jackson, Andre","Pit",119,60,60,30,18.459,30,18.459,0,0.9666666666666667,0.03333333333333333
663893,"Little, Brendon","Pit",112,13,13,13,18.462,,18.462,0.07692307692307693,0.9230769230769231,0
656302,"Cease, Dylan","Pit",145,1395,1395,958,18.464,437,18.464,0.07025089605734768,0.8594982078853046,0.07025089605734768
621079,"Wiles, Collin","Pit",133,70,70,33,18.479,37,18.479,0.04285714285714286,0.9,0.05714285714285714
570488,"Valdez, Phillips","Pit",111,149,149,70,18.48,79,18.48,0.026845637583892617,0.8791946308724832,0.09395973154362416
644429,"Severino, Anderson","Pit",145,67,67,29,18.486,38,18.486,0.029850746268656716,0.8955223880597015,0.07462686567164178
592662,"Ray, Robbie","Pit",136,1295,1295,899,18.523,396,18.523,0.10115830115830116,0.8247104247104247,0.07413127413127413
689225,"Brieske, Beau","Pit",116,546,546,373,18.538,173,18.538,0.0641025641025641,0.8754578754578755,0.06043956043956044
673258,"Baez, Michel","Pit",135,13,13,10,18.55,3,18.55,0,0.9230769230769231,0.07692307692307693
592351,"Gray, Jon","Pit",140,929,929,620,18.552,309,18.552,0.03444564047362755,0.8977395048439182,0.06781485468245425
596057,"Norris, Daniel","Pit",116,494,494,309,18.557,185,18.557,0.0951417004048583,0.8481781376518218,0.05668016194331984
676092,"Snider, Collin","Pit",118,291,291,159,18.582,132,18.582,0.027491408934707903,0.9450171821305842,0.027491408934707903
664299,"Javier, Cristian","Pit",117,1150,1150,834,18.599,316,18.599,0.09217391304347826,0.8330434782608696,0.07478260869565218
663385,"Smith, Chad","Pit",115,172,172,74,18.609,98,18.609,0.01744186046511628,0.9302325581395349,0.05232558139534884
571901,"Loup, Aaron","Pit",108,430,430,229,18.617,201,18.617,0,0.9418604651162791,0.05813953488372093
656803,"Norwood, James","Pit",143,150,150,76,18.621,74,18.621,0.04,0.9333333333333333,0.02666666666666667
669093,"Estrada, Jeremiah","Pit",112,42,42,14,18.627,28,18.627,0.023809523809523808,0.9285714285714286,0.047619047619047616
686610,"Waldichuk, Ken","Pit",133,254,254,145,18.646,109,18.646,0.027559055118110236,0.9094488188976378,0.06299212598425197
669022,"Gore, MacKenzie","Pit",135,582,582,344,18.652,238,18.652,0.06357388316151202,0.8797250859106529,0.05670103092783505
593423,"Montas, Frankie","Pit",147,968,968,630,18.652,338,18.652,0.045454545454545456,0.8140495867768595,0.14049586776859505
660623,"Ynoa, Huascar","Pit",144,61,61,23,18.66,38,18.66,0,0.9016393442622951,0.09836065573770492
656271,"Burke, Brock","Pit",140,623,623,388,18.661,235,18.661,0.0593900481540931,0.8683788121990369,0.07223113964686999
642239,"Zastryzny, Rob","Pit",108,29,29,11,18.682,18,18.682,0.034482758620689655,0.896551724137931,0.06896551724137931
664875,"Lawrence, Justin","Pit",115,384,384,186,18.685,198,18.685,0.033854166666666664,0.9166666666666666,0.049479166666666664
672578,"Hernández, Carlos","Pit",118,473,473,278,18.704,195,18.704,0.048625792811839326,0.904862579281184,0.046511627906976744
676917,"Cavalli, Cade","Pit",120,41,41,17,18.706,24,18.706,0.04878048780487805,0.8780487804878049,0.07317073170731707
663855,"Hicks, Jordan","Pit",138,524,524,313,18.711,211,18.711,0.061068702290076333,0.8645038167938931,0.07442748091603053
677161,"Kelly, Zack","Pit",111,104,104,61,18.712,43,18.712,0.009615384615384616,0.9711538461538461,0.019230769230769232
656222,"Beeks, Jalen","Pit",139,445,445,249,18.723,196,18.723,0.024719101123595506,0.9191011235955057,0.056179775280898875
656548,"Holloway, Jordan","Pit",146,27,27,18,18.742,9,18.742,0,0.9629629629629629,0.037037037037037035
640462,"Puk, A.J.","Pit",133,484,484,283,18.751,201,18.751,0.010330578512396695,0.9359504132231405,0.05371900826446281
674072,"Henry, Tommy","Pit",109,350,350,246,18.758,104,18.758,0.008571428571428572,0.9514285714285714,0.04
664161,"Swarmer, Matt","Pit",112,302,302,225,18.762,77,18.762,0.046357615894039736,0.9139072847682119,0.039735099337748346
656755,"Montes de Oca, Bryce","Pit",121,33,33,9,18.762,24,18.762,0.030303030303030304,0.8181818181818182,0.15151515151515152
596082,"Reed, Jake","Pit",110,160,160,75,18.765,85,18.765,0.01875,0.95,0.03125
663436,"Martin, Davis","Pit",145,448,448,292,18.771,156,18.771,0.060267857142857144,0.8995535714285714,0.04017857142857143
642100,"Speier, Gabe","Pit",118,146,146,78,18.775,68,18.775,0.02054794520547945,0.9246575342465754,0.0547945205479452
657272,"Uelmen, Erich","Pit",112,241,241,122,18.78,119,18.78,0.03319502074688797,0.9045643153526971,0.06224066390041494
664942,"Naile, James","Pit",138,56,56,32,18.78,24,18.78,0.03571428571428571,0.8928571428571429,0.07142857142857142
641154,"López, Pablo","Pit",146,1296,1296,926,18.794,370,18.794,0.05941358024691358,0.8603395061728395,0.08024691358024691
671790,"Bolaños, Ronald","Pit",118,166,166,96,18.821,70,18.821,0.08433734939759036,0.8313253012048193,0.08433734939759036
573009,"Mantiply, Joe","Pit",109,375,375,211,18.824,164,18.824,0,0.9546666666666667,0.04533333333333334
663465,"Allard, Kolby","Pit",140,148,148,98,18.857,50,18.857,0.05405405405405406,0.8783783783783784,0.06756756756756757
661440,"Llovera, Mauricio","Pit",137,138,138,73,18.857,65,18.857,0.028985507246376812,0.8985507246376812,0.07246376811594203
608652,"Farrell, Luke","Pit",113,151,151,87,18.865,64,18.865,0.059602649006622516,0.9006622516556292,0.039735099337748346
668820,"Kranick, Max","Pit",134,39,39,15,18.875,24,18.875,0.02564102564102564,0.9487179487179487,0.02564102564102564
570666,"Cessa, Luis","Pit",113,578,578,382,18.884,196,18.884,0.05190311418685121,0.8927335640138409,0.05536332179930796
681464,"German, Franklin","Pit",111,37,37,19,18.893,18,18.893,0,1,0
670426,"Diehl, Phillip","Pit",113,58,58,35,18.896,23,18.896,0.017241379310344827,0.9482758620689655,0.034482758620689655
665625,"Peguero, Elvis","Pit",108,139,139,76,18.91,63,18.91,0.09352517985611511,0.841726618705036,0.06474820143884892
607455,"Banda, Anthony","Pit",147,251,251,119,18.925,132,18.925,0.0398406374501992,0.852589641434263,0.10756972111553785
675540,"Curry, Xzavion","Pit",114,88,88,38,18.932,50,18.932,0.011363636363636364,0.9772727272727273,0.011363636363636364
607074,"Rodón, Carlos","Pit",137,1324,1324,907,18.933,417,18.933,0.07326283987915408,0.850453172205438,0.07628398791540786
660787,"De Los Santos, Yerry","Pit",134,223,223,120,18.942,103,18.942,0.03587443946188341,0.9237668161434978,0.04035874439461883
681810,"Warren, Austin","Pit",108,128,128,76,18.945,52,18.945,0.0859375,0.8125,0.1015625
656464,"Ginkel, Kevin","Pit",109,226,226,138,18.987,88,18.987,0,0.9557522123893806,0.04424778761061947
676684,"Vest, Will","Pit",116,467,467,246,18.997,221,18.997,0.008565310492505354,0.9443254817987152,0.047109207708779445
669395,"Coleman, Dylan","Pit",118,578,578,304,19.007,274,19.007,0.02422145328719723,0.9013840830449827,0.07439446366782007
676534,"Faucher, Calvin","Pit",139,209,209,121,19.011,88,19.011,0.11004784688995216,0.7799043062200957,0.11004784688995216
605182,"Clevinger, Mike","Pit",135,862,862,590,19.012,272,19.012,0.024361948955916472,0.8816705336426914,0.09396751740139211
542947,"Bleier, Richard","Pit",146,307,307,167,19.018,140,19.018,0.019543973941368076,0.8990228013029316,0.08143322475570032
605483,"Snell, Blake","Pit",135,1049,1049,699,19.018,350,19.018,0.08674928503336511,0.786463298379409,0.12678741658722592
670970,"Morejon, Adrian","Pit",135,224,224,148,19.018,76,19.018,0.049107142857142856,0.8482142857142857,0.10267857142857142
669424,"Lambert, Jimmy","Pit",145,357,357,209,19.043,148,19.043,0.05042016806722689,0.8627450980392157,0.08683473389355742
608349,"Knebel, Corey","Pit",143,371,371,202,19.056,169,19.056,0.026954177897574125,0.8975741239892183,0.07547169811320754
641682,"Hendrix, Ryan","Pit",113,71,71,28,19.073,43,19.073,0,0.8169014084507042,0.18309859154929578
547943,"Ryu, Hyun Jin","Pit",141,198,198,141,19.085,57,19.085,0.005050505050505051,0.9141414141414141,0.08080808080808081
641871,"Middleton, Keynan","Pit",109,91,91,41,19.115,50,19.115,0,0.967032967032967,0.03296703296703297
642397,"Soto, Gregory","Pit",116,498,498,273,19.118,225,19.118,0.03815261044176707,0.8674698795180723,0.09437751004016064
621368,"Hearn, Taylor","Pit",140,810,810,481,19.125,329,19.125,0.03827160493827161,0.9148148148148149,0.04691358024691358
621593,"Castro, Anthony","Pit",114,122,122,57,19.141,65,19.141,0.00819672131147541,0.9508196721311475,0.040983606557377046
656818,"Overton, Connor","Pit",113,235,235,169,19.142,66,19.142,0,0.9702127659574468,0.029787234042553193
674681,"Plassmeyer, Michael","Pit",143,49,49,37,19.143,12,19.143,0.061224489795918366,0.8979591836734694,0.04081632653061224
628708,"Marte, Yunior","Pit",137,384,384,215,19.145,169,19.145,0.018229166666666668,0.9244791666666666,0.057291666666666664
657756,"Seabold, Connor","Pit",111,166,166,82,19.157,84,19.157,0.006024096385542169,0.8554216867469879,0.13855421686746988
656786,"Mushinski, Parker","Pit",117,46,46,33,19.163,13,19.163,0.043478260869565216,0.8695652173913043,0.08695652173913043
663776,"Sandoval, Patrick","Pit",108,1117,1117,647,19.165,470,19.165,0.045658012533572066,0.8487018800358102,0.10564010743061773
592222,"Claudio, Alex","Pit",121,24,24,20,19.165,4,19.165,0,0.9583333333333334,0.041666666666666664
623437,"Topa, Justin","Pit",158,68,68,34,19.173,34,19.173,0,0.9558823529411765,0.04411764705882353
592789,"Syndergaard, Noah","Pit",143,900,900,562,19.173,338,19.173,0.0077777777777777776,0.9344444444444444,0.057777777777777775
456713,"Bush, Matt","Pit",158,424,424,290,19.177,134,19.177,0.0330188679245283,0.9221698113207547,0.04481132075471698
605218,"Edwards Jr., Carl","Pit",120,459,459,242,19.196,217,19.196,0.0196078431372549,0.8649237472766884,0.11546840958605664
543606,"Odorizzi, Jake","Pit",144,808,808,551,19.2,257,19.2,0.0594059405940594,0.8477722772277227,0.09282178217821782
642152,"Trivino, Lou","Pit",147,443,443,216,19.227,227,19.227,0,0.9345372460496614,0.0654627539503386
642130,"Taylor, Blake","Pit",117,148,148,79,19.251,69,19.251,0.02702702702702703,0.9121621621621622,0.060810810810810814
424144,"Pérez, Oliver","Pit",109,35,35,17,19.271,18,19.271,0.08571428571428572,0.8857142857142857,0.02857142857142857
650960,"Duarte, Daniel","Pit",113,35,35,13,19.294,22,19.294,0,0.9714285714285714,0.02857142857142857
669467,"Pallante, Andre","Pit",138,841,841,509,19.308,332,19.308,0.019024970273483946,0.9024970273483948,0.07847800237812129
669952,"White, Mitch","Pit",141,758,758,466,19.332,292,19.332,0.011873350923482849,0.941952506596306,0.04617414248021108
621082,"Lemoine, Jacob","Pit",133,168,168,85,19.336,83,19.336,0.02976190476190476,0.9226190476190477,0.047619047619047616
518585,"Cruz, Fernando","Pit",113,119,119,68,19.344,51,19.344,0.008403361344537815,0.8907563025210085,0.10084033613445378
458677,"Wilson, Justin","Pit",113,26,26,14,19.35,12,19.35,0,0.9615384615384616,0.038461538461538464
663574,"Santillan, Tony","Pit",113,189,189,66,19.353,123,19.353,0.015873015873015872,0.783068783068783,0.20105820105820105
593576,"Neris, Héctor","Pit",117,437,437,267,19.355,170,19.355,0.06407322654462243,0.8283752860411899,0.10755148741418764
641853,"McKay, David","Pit",133,69,69,32,19.361,37,19.361,0.028985507246376812,0.8840579710144928,0.08695652173913043
458681,"Lynn, Lance","Pit",145,896,896,575,19.366,321,19.366,0.04352678571428571,0.9017857142857143,0.0546875
641394,"Brentz, Jake","Pit",118,87,87,43,19.379,44,19.379,0.034482758620689655,0.8735632183908046,0.09195402298850575
641907,"Murphy, Patrick","Pit",120,60,60,14,19.387,46,19.387,0,0.9333333333333333,0.06666666666666667
642068,"Sheffield, Jordan","Pit",115,17,17,9,19.401,8,19.401,0.058823529411764705,0.8823529411764706,0.058823529411764705
656793,"Nelson, Nick","Pit",143,529,529,253,19.405,276,19.405,0.011342155009451797,0.9054820415879017,0.0831758034026465
607572,"Howard, Sam","Pit",134,31,31,12,19.412,19,19.412,0,0.8387096774193549,0.16129032258064516
664849,"Young, Danny","Pit",144,67,67,25,19.428,42,19.428,0.014925373134328358,0.9701492537313433,0.014925373134328358
593140,"Feliz, Michael","Pit",111,32,32,23,19.429,9,19.429,0.0625,0.9375,0
656730,"Megill, Trevor","Pit",142,320,320,163,19.431,157,19.431,0.0125,0.896875,0.090625
642060,"Sedlock, Cody","Pit",110,29,29,16,19.436,13,19.436,0.034482758620689655,0.9310344827586207,0.034482758620689655
657024,"Swanson, Erik","Pit",136,364,364,231,19.436,133,19.436,0.013736263736263736,0.9587912087912088,0.027472527472527472
657248,"Otto, Glenn","Pit",140,1021,1021,652,19.455,369,19.455,0.02840352595494613,0.8971596474045054,0.07443682664054849
677053,"Nardi, Andrew","Pit",146,156,156,63,19.458,93,19.458,0.00641025641025641,0.9615384615384616,0.03205128205128205
670036,"Festa, Matt","Pit",136,409,409,251,19.468,158,19.468,0.02444987775061125,0.9168704156479217,0.05867970660146699
656322,"Coonrod, Sam","Pit",143,100,100,49,19.508,51,19.508,0,0.95,0.05
606625,"Moronta, Reyes","Pit",109,295,295,163,19.52,132,19.52,0.020338983050847456,0.911864406779661,0.06779661016949153
650382,"Hernandez, Darwinzon","Pit",111,86,86,46,19.524,40,19.524,0.023255813953488372,0.9651162790697675,0.011627906976744186
621295,"Wittgren, Nick","Pit",138,226,226,122,19.536,104,19.536,0.048672566371681415,0.8451327433628318,0.10619469026548672
663558,"Moran, Jovani","Pit",142,311,311,196,19.548,115,19.548,0.003215434083601286,0.9421221864951769,0.05466237942122187
642770,"Guerra, Javy","Pit",139,169,169,109,19.568,60,19.568,0.023668639053254437,0.9112426035502958,0.0650887573964497
600921,"Machado, Andres","Pit",120,446,446,236,19.574,210,19.574,0.02466367713004484,0.874439461883408,0.10089686098654709
527055,"Vizcaíno, Arodys","Pit",118,59,59,25,19.583,34,19.583,0,0.8813559322033898,0.11864406779661017
671345,"Foley, Jason","Pit",116,408,408,230,19.586,178,19.586,0,0.9436274509803921,0.056372549019607844
592741,"Shreve, Chasen","Pit",121,214,214,133,19.59,81,19.59,0.03271028037383177,0.9205607476635514,0.04672897196261682
502154,"Britton, Zack","Pit",147,26,26,10,19.609,16,19.609,0,0.9230769230769231,0.07692307692307693
676760,"Marinaccio, Ron","Pit",147,361,361,169,19.624,192,19.624,0.002770083102493075,0.9196675900277008,0.07756232686980609
663734,"Neidert, Nick","Pit",146,37,37,28,19.633,9,19.633,0.02702702702702703,0.8918918918918919,0.08108108108108109
605488,"Springs, Jeffrey","Pit",139,976,976,651,19.637,325,19.637,0.04405737704918033,0.860655737704918,0.09528688524590163
663423,"Thornton, Trent","Pit",141,316,316,191,19.65,125,19.65,0.0031645569620253164,0.9683544303797469,0.028481012658227847
572383,"Moran, Brian","Pit",108,8,8,3,19.65,5,19.65,0,1,0
605177,"Chafin, Andrew","Pit",116,383,383,230,19.662,153,19.662,0.02349869451697128,0.8825065274151436,0.09399477806788512
680686,"Gray, Josiah","Pit",120,1254,1254,838,19.673,416,19.673,0.03110047846889952,0.868421052631579,0.10047846889952153
656876,"Rasmussen, Drew","Pit",139,939,939,624,19.676,315,19.676,0.022364217252396165,0.9116080937167199,0.06602768903088392
446321,"Detwiler, Ross","Pit",113,211,211,118,19.689,93,19.689,0.004739336492890996,0.9620853080568721,0.03317535545023697
571670,"Floro, Dylan","Pit",146,381,381,227,19.697,154,19.697,0.0026246719160104987,0.8740157480314961,0.12335958005249344
669330,"Wells, Tyler","Pit",110,711,711,507,19.71,204,19.71,0.004219409282700422,0.9324894514767933,0.06329113924050633
641329,"Baker, Bryan","Pit",110,563,563,338,19.717,225,19.717,0.037300177619893425,0.8987566607460036,0.06394316163410302
663559,"Falter, Bailey","Pit",143,578,578,385,19.729,193,19.729,0.010380622837370242,0.9498269896193772,0.039792387543252594
489265,"Romo, Sergio","Pit",141,158,158,81,19.733,77,19.733,0.0379746835443038,0.879746835443038,0.08227848101265822
682171,"Murfee, Penn","Pit",136,453,453,268,19.745,185,19.745,0.002207505518763797,0.9072847682119205,0.09050772626931568
622554,"Domínguez, Seranthony","Pit",143,378,378,237,19.745,141,19.745,0.0291005291005291,0.9285714285714286,0.042328042328042326
605540,"Woodruff, Brandon","Pit",158,1144,1144,795,19.765,349,19.765,0.015734265734265736,0.9090909090909091,0.07517482517482517
606424,"García, Jarlín","Pit",137,450,450,277,19.766,173,19.766,0.028888888888888888,0.9022222222222223,0.06888888888888889
544931,"Strasburg, Stephen","Pit",120,48,48,19,19.766,29,19.766,0,0.9166666666666666,0.08333333333333333
476595,"Luetge, Lucas","Pit",147,450,450,269,19.796,181,19.796,0.03333333333333333,0.8577777777777778,0.10888888888888888
657571,"Ferguson, Caleb","Pit",119,265,265,152,19.812,113,19.812,0.007547169811320755,0.8943396226415095,0.09811320754716982
676194,"Tetreault, Jackson","Pit",120,185,185,101,19.814,84,19.814,0,0.9621621621621622,0.03783783783783784
605507,"Thompson, Zach","Pit",134,992,992,655,19.819,337,19.819,0.017137096774193547,0.9203629032258065,0.0625
669804,"De Jesus, Angel","Pit",116,92,92,55,19.82,37,19.82,0,0.9239130434782609,0.07608695652173914
608665,"Graveman, Kendall","Pit",145,480,480,269,19.846,211,19.846,0.05,0.825,0.125
669622,"Bender, Anthony","Pit",146,134,134,91,19.857,43,19.857,0,0.9029850746268657,0.09701492537313433
600917,"Leclerc, José","Pit",140,345,345,177,19.865,168,19.865,0.017391304347826087,0.8956521739130435,0.08695652173913043
607179,"Weems, Jordan","Pit",120,301,301,196,19.875,105,19.875,0.026578073089700997,0.9235880398671097,0.04983388704318937
668665,"Nogosek, Stephen","Pit",121,164,164,108,19.875,56,19.875,0.018292682926829267,0.9390243902439024,0.042682926829268296
502043,"Gibson, Kyle","Pit",143,1238,1238,813,19.888,425,19.888,0.012924071082390954,0.8885298869143781,0.09854604200323101
670329,"Garcia, Rico","Pit",110,63,63,26,19.894,37,19.894,0,0.9523809523809523,0.047619047619047616
628711,"Urías, Julio","Pit",119,1115,1115,804,19.897,311,19.897,0.0026905829596412557,0.9614349775784753,0.03587443946188341
592473,"Kolarek, Adam","Pit",133,157,157,87,19.898,70,19.898,0,0.9426751592356688,0.05732484076433121
664123,"Effross, Scott","Pit",147,391,391,218,19.903,173,19.903,0.03580562659846547,0.8516624040920716,0.11253196930946291
579328,"Kikuchi, Yusei","Pit",141,820,820,483,19.903,337,19.903,0.026829268292682926,0.8939024390243903,0.07926829268292683
519043,"Moore, Matt","Pit",140,515,515,331,19.903,184,19.903,0.019417475728155338,0.9087378640776699,0.07184466019417475
661309,"Martínez, Adrián","Pit",133,463,463,310,19.913,153,19.913,0.10367170626349892,0.8077753779697624,0.08855291576673865
641401,"Brogdon, Connor","Pit",143,294,294,140,19.914,154,19.914,0.01020408163265306,0.9183673469387755,0.07142857142857142
607216,"Krehbiel, Joey","Pit",110,465,465,292,19.93,173,19.93,0.023655913978494623,0.9032258064516129,0.07311827956989247
572703,"Bard, Luke","Pit",147,119,119,68,19.941,51,19.941,0.03361344537815126,0.8823529411764706,0.08403361344537816
656945,"Scott, Tanner","Pit",146,578,578,294,19.96,284,19.96,0.005190311418685121,0.9307958477508651,0.06401384083044982
657514,"Bernardino, Brennan","Pit",136,19,19,5,19.972,14,19.972,0.05263157894736842,0.9473684210526315,0
518489,"Brasier, Ryan","Pit",111,396,396,242,19.974,154,19.974,0.010101010101010102,0.9191919191919192,0.0707070707070707
666818,"Frías, Luis","Pit",109,168,168,86,19.983,82,19.983,0.005952380952380952,0.9107142857142857,0.08333333333333333
592848,"Weiss, Zack","Pit",108,98,98,48,20.002,50,20.002,0,0.9489795918367347,0.05102040816326531
670288,"Fishman, Jake","Pit",146,81,81,38,20.009,43,20.009,0,0.9135802469135802,0.08641975308641975
664294,"Moreta, Dauri","Pit",113,309,309,200,20.048,109,20.048,0,0.8867313915857605,0.11326860841423948
461325,"Clippard, Tyler","Pit",120,56,56,20,20.049,36,20.049,0,0.8392857142857143,0.16071428571428573
669276,"Lee, Dylan","Pit",144,271,271,172,20.065,99,20.065,0.0036900369003690036,0.955719557195572,0.04059040590405904
459429,"McGee, Jake","Pit",120,271,271,155,20.066,116,20.066,0,0.9077490774907749,0.09225092250922509
606160,"Montero, Rafael","Pit",117,538,538,337,20.069,201,20.069,0.046468401486988845,0.8252788104089219,0.12825278810408922
605521,"Warren, Art","Pit",113,312,312,177,20.072,135,20.072,0.003205128205128205,0.9198717948717948,0.07692307692307693
686613,"Brown, Hunter","Pit",117,144,144,101,20.077,43,20.077,0.06944444444444445,0.8680555555555556,0.0625
643377,"Jax, Griffin","Pit",142,512,512,289,20.084,223,20.084,0.0078125,0.92578125,0.06640625
663531,"Allen, Logan","Pit",110,82,82,43,20.088,39,20.088,0.012195121951219513,0.9390243902439024,0.04878048780487805
545343,"Head, Louis","Pit",110,252,252,132,20.09,120,20.09,0.011904761904761904,0.9087301587301587,0.07936507936507936
544365,"Bañuelos, Manny","Pit",134,320,320,175,20.092,145,20.092,0.021875,0.846875,0.13125
621114,"Burr, Ryan","Pit",145,76,76,48,20.093,28,20.093,0,0.881578947368421,0.11842105263157894
571656,"Farmer, Buck","Pit",113,391,391,212,20.099,179,20.099,0.005115089514066497,0.9258312020460358,0.06905370843989769
656257,"Brigham, Jeff","Pit",146,203,203,92,20.105,111,20.105,0.014778325123152709,0.8374384236453202,0.1477832512315271
650895,"Castillo, Diego","Pit",136,384,384,236,20.114,148,20.114,0.020833333333333332,0.8645833333333334,0.11458333333333333
621249,"Underwood Jr., Duane","Pit",134,422,422,224,20.119,198,20.119,0,0.933649289099526,0.06635071090047394
519293,"Smith, Will","Pit",117,410,410,256,20.128,154,20.128,0.004878048780487805,0.9292682926829269,0.06585365853658537
617228,"Sawamura, Hirokazu","Pit",111,373,373,180,20.129,193,20.129,0.040214477211796246,0.739946380697051,0.21983914209115282
434378,"Verlander, Justin","Pit",117,1062,1062,736,20.144,326,20.144,0.003766478342749529,0.9265536723163842,0.0696798493408663
605400,"Nola, Aaron","Pit",143,1345,1345,955,20.152,390,20.152,0.020074349442379184,0.8817843866171003,0.09814126394052045
592826,"Velasquez, Vince","Pit",145,584,584,365,20.185,219,20.185,0.04794520547945205,0.8287671232876712,0.1232876712328767
642585,"Bautista, Félix","Pit",110,433,433,275,20.192,158,20.192,0.04157043879907621,0.8683602771362586,0.09006928406466513
667376,"Sánchez, Miguel","Pit",158,101,101,55,20.207,46,20.207,0.04950495049504951,0.8712871287128713,0.07920792079207921
502042,"Archer, Chris","Pit",142,888,888,586,20.227,302,20.227,0.009009009009009009,0.9234234234234234,0.06756756756756757
642546,"Hernández, Jonathan","Pit",140,239,239,137,20.229,102,20.229,0.012552301255230125,0.8786610878661087,0.1087866108786611
607391,"Mazza, Chris","Pit",139,61,61,31,20.239,30,20.239,0,0.9180327868852459,0.08196721311475409
664208,"Maton, Phil","Pit",117,505,505,237,20.247,268,20.247,0.0019801980198019802,0.9465346534653465,0.05148514851485148
656557,"Houck, Tanner","Pit",111,431,431,256,20.299,175,20.299,0.01160092807424594,0.9234338747099768,0.06496519721577726
592332,"Gausman, Kevin","Pit",141,1049,1049,682,20.331,367,20.331,0.010486177311725452,0.9294566253574833,0.06005719733079123
605538,"Wisler, Matt","Pit",139,348,348,214,20.342,134,20.342,0.028735632183908046,0.9080459770114943,0.06321839080459771
608717,"Stratton, Chris","Pit",138,490,490,263,20.353,227,20.353,0.00816326530612245,0.9122448979591836,0.07959183673469387
552640,"Kittredge, Andrew","Pit",139,92,92,72,20.354,20,20.354,0,0.9565217391304348,0.043478260869565216
666168,"Thompson, Mason","Pit",120,171,171,103,20.372,68,20.372,0.005847953216374269,0.9415204678362573,0.05263157894736842
656756,"Montgomery, Jordan","Pit",138,1188,1188,830,20.375,358,20.375,0.050505050505050504,0.8518518518518519,0.09764309764309764
571616,"Dermody, Matt","Pit",112,13,13,5,20.377,8,20.377,0,0.9230769230769231,0.07692307692307693
670090,"Mills, Wyatt","Pit",118,238,238,132,20.398,106,20.398,0.004201680672268907,0.9117647058823529,0.08403361344537816
672839,"Morales, Francisco","Pit",143,48,48,30,20.426,18,20.426,0,0.9375,0.0625
663986,"Stephan, Trevor","Pit",114,451,451,255,20.436,196,20.436,0.008869179600886918,0.8758314855875832,0.11529933481152993
542914,"Bass, Anthony","Pit",141,436,436,277,20.441,159,20.441,0,0.9334862385321101,0.06651376146788991
554340,"Garcia, Yimi","Pit",141,501,501,314,20.464,187,20.464,0.001996007984031936,0.9101796407185628,0.08782435129740519
621363,"Poche, Colin","Pit",139,417,417,260,20.468,157,20.468,0.019184652278177457,0.9256594724220624,0.05515587529976019
660906,"Perez, Francisco","Pit",120,84,84,29,20.487,55,20.487,0.047619047619047616,0.7857142857142857,0.16666666666666666
605447,"Romano, Jordan","Pit",141,427,427,236,20.521,191,20.521,0.00702576112412178,0.9203747072599532,0.07259953161592506
607457,"Barraclough, Kyle","Pit",108,61,61,19,20.55,42,20.55,0,0.8688524590163934,0.13114754098360656
670280,"Bednar, David","Pit",134,371,371,233,20.551,138,20.551,0.013477088948787063,0.894878706199461,0.09164420485175202
453343,"Melancon, Mark","Pit",109,414,414,234,20.558,180,20.558,0.004830917874396135,0.782608695652174,0.21256038647342995
593619,"Tapia, Domingo","Pit",133,163,163,80,20.573,83,20.573,0.012269938650306749,0.9447852760736196,0.04294478527607362
667427,"Jackson, Zach","Pit",133,451,451,256,20.616,195,20.616,0.004434589800443459,0.8957871396895787,0.09977827050997783
543507,"May, Trevor","Pit",121,236,236,124,20.617,112,20.617,0.00423728813559322,0.923728813559322,0.07203389830508475
605347,"López, Jorge","Pit",142,525,525,293,20.618,232,20.618,0.007619047619047619,0.8685714285714285,0.12380952380952381
621381,"Strahm, Matt","Pit",111,346,346,183,20.62,163,20.62,0.002890173410404624,0.9364161849710982,0.06069364161849711
573204,"Thielbar, Caleb","Pit",142,393,393,220,20.632,173,20.632,0.002544529262086514,0.926208651399491,0.07124681933842239
676103,"Jones, Damon","Pit",143,53,53,20,20.64,33,20.64,0,0.9622641509433962,0.03773584905660377
614179,"Ruiz, José","Pit",145,519,519,272,20.647,247,20.647,0.028901734104046242,0.8882466281310212,0.08285163776493257
623465,"Phillips, Evan","Pit",119,435,435,285,20.653,150,20.653,0,0.9379310344827586,0.06206896551724138
595881,"Beede, Tyler","Pit",134,520,520,277,20.662,243,20.662,0.03653846153846154,0.8634615384615385,0.1
673904,"Walsh, Jake","Pit",138,33,33,14,20.673,19,20.673,0,0.8787878787878788,0.12121212121212122
608337,"Giolito, Lucas","Pit",145,1236,1236,792,20.683,444,20.683,0.0048543689320388345,0.9320388349514563,0.06310679611650485
595014,"Treinen, Blake","Pit",119,33,33,33,20.684,,20.684,0,1,0
675921,"Howard, Spencer","Pit",140,318,318,189,20.715,129,20.715,0.0031446540880503146,0.9150943396226415,0.08176100628930817
670167,"Schreiber, John","Pit",111,500,500,283,20.716,217,20.716,0.002,0.914,0.084
666201,"Manoah, Alek","Pit",141,1299,1299,874,20.719,425,20.719,0.008468052347959968,0.8575827559661278,0.13394919168591224
667297,"Nance, Tommy","Pit",146,350,350,175,20.734,175,20.734,0.002857142857142857,0.9171428571428571,0.08
547001,"Poteet, Cody","Pit",146,189,189,129,20.749,60,20.749,0.005291005291005291,0.9312169312169312,0.06349206349206349
663432,"Rainey, Tanner","Pit",120,221,221,131,20.758,90,20.758,0,0.9140271493212669,0.08597285067873303
660853,"De Los Santos, Enyel","Pit",114,354,354,213,20.774,141,20.774,0.002824858757062147,0.9180790960451978,0.07909604519774012
608723,"Voth, Austin","Pit",110,802,802,481,20.778,321,20.778,0.0012468827930174563,0.9351620947630923,0.06359102244389027
571439,"Alvarez, R.J.","Pit",121,24,24,18,20.824,6,20.824,0,0.9166666666666666,0.08333333333333333
605446,"Rodríguez, Dereck","Pit",142,46,46,21,20.829,25,20.829,0,1,0
650893,"Cabrera, Génesis","Pit",138,330,330,216,20.862,114,20.862,0.0030303030303030303,0.906060606060606,0.09090909090909091
605130,"Barlow, Scott","Pit",118,558,558,340,20.868,218,20.868,0.010752688172043012,0.9229390681003584,0.06630824372759857
608328,"De Jong, Chase","Pit",134,570,570,332,20.88,238,20.88,0.015789473684210527,0.8859649122807017,0.09824561403508772
621112,"Blackburn, Paul","Pit",133,878,878,599,20.882,279,20.882,0.007972665148063782,0.8929384965831435,0.09908883826879271
456034,"Price, David","Pit",119,276,276,186,20.915,90,20.915,0,0.9384057971014492,0.06159420289855073
506433,"Darvish, Yu","Pit",135,1328,1328,933,20.952,395,20.952,0.012801204819277108,0.9021084337349398,0.08509036144578314
641447,"Castano, Daniel","Pit",146,236,236,143,20.96,93,20.96,0,0.9364406779661016,0.0635593220338983
647315,"Pop, Zach","Pit",141,241,241,123,20.987,118,20.987,0,0.9087136929460581,0.0912863070539419
596112,"Stephenson, Robert","Pit",134,376,376,225,21.022,151,21.022,0,0.8829787234042553,0.11702127659574468
656685,"Martin, Brett","Pit",140,310,310,157,21.023,153,21.023,0.0032258064516129032,0.8935483870967742,0.1032258064516129
624418,"Castellani, Ryan","Pit",133,20,20,7,21.027,13,21.027,0,0.9,0.1
453178,"Kennedy, Ian","Pit",109,387,387,214,21.031,173,21.031,0,0.9250645994832042,0.07493540051679587
650671,"Quijada, José","Pit",108,307,307,148,21.128,159,21.128,0.006514657980456026,0.8371335504885994,0.1563517915309446
669203,"Burnes, Corbin","Pit",158,1523,1523,1117,21.128,406,21.128,0.0013131976362442547,0.9146421536441235,0.0840446487196323
656546,"Hoffman, Jeff","Pit",113,394,394,233,21.13,161,21.13,0,0.9416243654822335,0.0583756345177665
676664,"Sears, JP","Pit",133,522,522,324,21.133,198,21.133,0.0019157088122605363,0.8831417624521073,0.11494252873563218
656629,"Kopech, Michael","Pit",145,956,956,640,21.135,316,21.135,0.008368200836820083,0.9121338912133892,0.0794979079497908
493603,"Ottavino, Adam","Pit",121,542,542,316,21.139,226,21.139,0.0036900369003690036,0.8856088560885609,0.11070110701107011
664948,"Misiewicz, Anthony","Pit",118,216,216,144,21.142,72,21.142,0.037037037037037035,0.7731481481481481,0.18981481481481483
542888,"Armstrong, Shawn","Pit",139,435,435,245,21.147,190,21.147,0,0.9586206896551724,0.041379310344827586
660896,"Alcala, Jorge","Pit",142,20,20,12,21.152,8,21.152,0,1,0
677651,"Garcia, Luis","Pit",117,1079,1079,748,21.173,331,21.173,0.012048192771084338,0.8628359592215014,0.12511584800741427
683232,"Mears, Nick","Pit",134,10,10,6,21.193,4,21.193,0,1,0
656887,"Reid-Foley, Sean","Pit",121,94,94,51,21.209,43,21.209,0,0.9361702127659575,0.06382978723404255
669711,"Weissert, Greg","Pit",147,96,96,43,21.223,53,21.223,0,0.9375,0.0625
661255,"López, Yoan","Pit",121,85,85,50,21.225,35,21.225,0,0.9529411764705882,0.047058823529411764
650556,"Abreu, Bryan","Pit",117,440,440,232,21.242,208,21.242,0.004545454545454545,0.8886363636363637,0.10681818181818181
596071,"Peters, Dillon","Pit",134,311,311,198,21.271,113,21.271,0,0.9003215434083601,0.09967845659163987
592454,"Kahnle, Tommy","Pit",119,70,70,49,21.282,21,21.282,0,0.9428571428571428,0.05714285714285714
668941,"Romero, JoJo","Pit",138,136,136,94,21.298,42,21.298,0.007352941176470588,0.9485294117647058,0.04411764705882353
518397,"Alexander, Scott","Pit",137,98,98,62,21.316,36,21.316,0,0.9693877551020408,0.030612244897959183
656731,"Megill, Tylor","Pit",121,352,352,229,21.318,123,21.318,0.002840909090909091,0.9375,0.05965909090909091
605525,"Wendelken, J.B.","Pit",109,224,224,132,21.344,92,21.344,0,0.9241071428571429,0.07589285714285714
640451,"Harvey, Hunter","Pit",120,296,296,164,21.353,132,21.353,0,0.956081081081081,0.04391891891891892
669935,"Alexy, A.J.","Pit",140,84,84,44,21.393,40,21.393,0,0.9404761904761905,0.05952380952380952
453268,"Bard, Daniel","Pit",115,452,452,286,21.406,166,21.406,0,0.8694690265486725,0.13053097345132744
666974,"Cano, Yennier","Pit",110,183,183,100,21.406,83,21.406,0,0.8743169398907104,0.12568306010928962
669358,"Baz, Shane","Pit",139,204,204,133,21.447,71,21.447,0,0.8970588235294118,0.10294117647058823
664584,"Romero, Jhon","Pit",142,35,35,14,21.451,21,21.451,0,0.8285714285714286,0.17142857142857143
642758,"Acevedo, Domingo","Pit",133,400,400,256,21.468,144,21.468,0,0.925,0.075
606930,"Barnes, Jacob","Pit",147,161,161,99,21.47,62,21.47,0,0.9130434782608695,0.08695652173913043
664199,"Clarke, Taylor","Pit",118,341,341,187,21.483,154,21.483,0.002932551319648094,0.9178885630498533,0.07917888563049853
489334,"Stammen, Craig","Pit",135,333,333,187,21.484,146,21.484,0,0.8378378378378378,0.16216216216216217
650633,"King, Michael","Pit",147,381,381,225,21.517,156,21.517,0.0026246719160104987,0.8372703412073491,0.16010498687664043
623149,"Sewald, Paul","Pit",136,452,452,306,21.539,146,21.539,0.0022123893805309734,0.9004424778761062,0.09734513274336283
657585,"Garrett, Reed","Pit",120,91,91,32,21.549,59,21.549,0,0.945054945054945,0.054945054945054944
554431,"Matzek, Tyler","Pit",144,308,308,158,21.553,150,21.553,0,0.8863636363636364,0.11363636363636363
670990,"Ramirez, Yohan","Pit",134,306,306,152,21.556,154,21.556,0.029411764705882353,0.8790849673202614,0.0915032679738562
662253,"Muñoz, Andrés","Pit",136,426,426,277,21.614,149,21.614,0,0.8849765258215962,0.11502347417840375
503285,"O'Day, Darren","Pit",144,171,171,97,21.63,74,21.63,0,0.9239766081871345,0.07602339181286549
518813,"Holland, Greg","Pit",140,43,43,22,21.669,21,21.669,0,0.8837209302325582,0.11627906976744186
641360,"Bickford, Phil","Pit",119,447,447,303,21.702,144,21.702,0,0.9552572706935123,0.0447427293064877
669618,"Barlow, Joe","Pit",140,246,246,140,21.72,106,21.72,0,0.8983739837398373,0.1016260162601626
660271,"Ohtani, Shohei","Pit",108,1202,1202,801,21.727,401,21.727,0.015806988352745424,0.8169717138103162,0.16722129783693843
572955,"Johnson, Pierce","Pit",135,140,140,82,21.738,58,21.738,0.014285714285714285,0.8857142857142857,0.1
544727,"Familia, Jeurys","Pit",111,394,394,217,21.763,177,21.763,0.0025380710659898475,0.8350253807106599,0.16243654822335024
621051,"Wilson, Steven","Pit",135,406,406,247,21.797,159,21.797,0.0024630541871921183,0.8940886699507389,0.10344827586206896
542585,"Cisnero, José","Pit",116,200,200,90,21.803,110,21.803,0,0.91,0.09
541640,"Ramírez, Erasmo","Pit",120,538,538,374,21.816,164,21.816,0,0.8940520446096655,0.10594795539033457
605280,"Holmes, Clay","Pit",147,459,459,271,21.818,188,21.818,0,0.9193899782135077,0.08061002178649238
658551,"Fernández, Junior","Pit",134,150,150,73,21.846,77,21.846,0,0.8866666666666667,0.11333333333333333
592390,"Hembree, Heath","Pit",119,204,204,89,21.846,115,21.846,0.004901960784313725,0.8676470588235294,0.12745098039215685
664747,"Díaz, Alexis","Pit",113,480,480,262,21.897,218,21.897,0.004166666666666667,0.8666666666666667,0.12916666666666668
572193,"Tepera, Ryan","Pit",108,408,408,260,21.905,148,21.905,0,0.7990196078431373,0.20098039215686275
664076,"Cleavinger, Garrett","Pit",139,165,165,109,21.926,56,21.926,0,0.9212121212121213,0.07878787878787878
656986,"Sousa, Bennett","Pit",145,160,160,91,21.938,69,21.938,0,0.89375,0.10625
472610,"García, Luis","Pit",135,433,433,249,21.973,184,21.973,0,0.8752886836027713,0.12471131639722864
621366,"Borucki, Ryan","Pit",136,180,180,92,21.995,88,21.995,0,0.8555555555555555,0.14444444444444443
594580,"Moll, Sam","Pit",133,370,370,191,22.029,179,22.029,0.008108108108108109,0.8675675675675676,0.12432432432432433
520980,"Báez, Pedro","Pit",117,32,32,7,22.052,25,22.052,0,0.875,0.125
657044,"Thompson, Ryan","Pit",139,333,333,167,22.06,166,22.06,0,0.8528528528528528,0.14714714714714713
621237,"Alvarado, José","Pit",143,408,408,213,22.072,195,22.072,0.007352941176470588,0.8014705882352942,0.19117647058823528
570663,"Robles, Hansel","Pit",111,203,203,122,22.09,81,22.09,0.029556650246305417,0.7832512315270936,0.18719211822660098
592094,"Adam, Jason","Pit",139,410,410,269,22.096,141,22.096,0,0.8341463414634146,0.16585365853658537
521230,"Hendriks, Liam","Pit",145,421,421,263,22.097,158,22.097,0.0166270783847981,0.8147268408551069,0.16864608076009502
623352,"Hader, Josh","Pit",135,441,441,251,22.113,190,22.113,0.006802721088435374,0.8616780045351474,0.13151927437641722
660761,"Suarez, José","Pit",108,774,774,521,22.121,253,22.121,0.007751937984496124,0.8643410852713178,0.12790697674418605
543238,"Gose, Anthony","Pit",114,180,180,100,22.128,80,22.128,0,0.9277777777777778,0.07222222222222222
656420,"Feyereisen, J.P.","Pit",139,152,152,116,22.244,36,22.244,0.006578947368421052,0.8947368421052632,0.09868421052631579
676766,"Snyder, Nick","Pit",140,17,17,13,22.265,4,22.265,0,0.8823529411764706,0.11764705882352941
573124,"Rogers, Taylor","Pit",158,529,529,304,22.27,225,22.27,0.001890359168241966,0.8525519848771267,0.14555765595463138
666808,"Doval, Camilo","Pit",137,519,519,274,22.272,245,22.272,0.0019267822736030828,0.8458574181117534,0.15221579961464354
650530,"Garcia, Bryan","Pit",116,150,150,112,22.338,38,22.338,0.013333333333333334,0.8866666666666667,0.1
571704,"Giles, Ken","Pit",136,32,32,19,22.352,13,22.352,0,0.90625,0.09375
611093,"Bracho, Silvino","Pit",144,29,29,21,22.373,8,22.373,0,0.9655172413793104,0.034482758620689655
518748,"Grimm, Justin","Pit",133,121,121,61,22.445,60,22.445,0,0.859504132231405,0.14049586776859505
644364,"Arano, Víctor","Pit",120,282,282,129,22.466,153,22.466,0,0.8404255319148937,0.1595744680851064
672335,"Pérez, Cionel","Pit",110,405,405,202,22.482,203,22.482,0,0.8666666666666667,0.13333333333333333
592773,"Stanek, Ryne","Pit",117,385,385,204,22.514,181,22.514,0,0.8779220779220779,0.12207792207792208
641755,"Kinley, Tyler","Pit",115,147,147,89,22.551,58,22.551,0,0.8163265306122449,0.1836734693877551
489446,"Yates, Kirby","Pit",144,73,73,41,22.597,32,22.597,0,0.8493150684931506,0.1506849315068493
622250,"Sborz, Josh","Pit",140,197,197,116,22.686,81,22.686,0,0.8578680203045685,0.14213197969543148
543056,"Coulombe, Danny","Pit",142,99,99,53,22.729,46,22.729,0,0.8585858585858586,0.1414141414141414
518886,"Kimbrel, Craig","Pit",119,510,510,281,22.782,229,22.782,0,0.884313725490196,0.11568627450980393
661403,"Clase, Emmanuel","Pit",114,324,324,228,22.793,96,22.793,0,0.9135802469135802,0.08641975308641975
572888,"Greene, Shane","Pit",147,21,21,14,22.804,7,22.804,0,0.9523809523809523,0.047619047619047616
625643,"López, Reynaldo","Pit",145,428,428,240,22.812,188,22.812,0.011682242990654205,0.8107476635514018,0.17757009345794392
598264,"Barnes, Matt","Pit",111,331,331,202,22.813,129,22.813,0,0.7764350453172205,0.22356495468277945
675916,"Karinchak, James","Pit",114,374,374,190,22.832,184,22.832,0.0053475935828877,0.7513368983957219,0.24331550802139038
607481,"Bummer, Aaron","Pit",145,250,250,97,22.853,153,22.853,0,0.908,0.092
543272,"Hand, Brad","Pit",143,414,414,228,22.912,186,22.912,0.0024154589371980675,0.8429951690821256,0.15458937198067632
455119,"Martin, Chris","Pit",119,356,356,198,22.917,158,22.917,0.0028089887640449437,0.8455056179775281,0.15168539325842698
642701,"Santana, Dennis","Pit",140,478,478,234,22.92,244,22.92,0,0.8744769874476988,0.12552301255230125
621345,"Minter, A.J.","Pit",144,463,463,277,23.029,186,23.029,0,0.8228941684665226,0.1771058315334773
523260,"Kelly, Joe","Pit",145,340,340,180,23.086,160,23.086,0.0029411764705882353,0.8,0.19705882352941176
664854,"Helsley, Ryan","Pit",138,394,394,264,23.103,130,23.103,0,0.8654822335025381,0.13451776649746192
598287,"Ramirez, Noé","Pit",109,392,392,235,23.129,157,23.129,0,0.8443877551020408,0.1556122448979592
664126,"Fairbanks, Pete","Pit",139,156,156,106,23.129,50,23.129,0,0.8910256410256411,0.10897435897435898
517008,"Colomé, Alex","Pit",115,363,363,219,23.554,144,23.554,0,0.7079889807162535,0.29201101928374656
518617,"Diekman, Jake","Pit",145,580,580,267,23.568,313,23.568,0,0.8120689655172414,0.1879310344827586
519151,"Pressly, Ryan","Pit",117,325,325,236,23.67,89,23.67,0,0.8984615384615384,0.10153846153846154
641582,"Foster, Matt","Pit",145,326,326,172,23.741,154,23.741,0,0.8466257668711656,0.15337423312883436
543339,"Hudson, Daniel","Pit",119,176,176,99,23.763,77,23.763,0,0.9034090909090909,0.09659090909090909
641941,"Pagán, Emilio","Pit",142,469,469,261,23.83,208,23.83,0,0.8208955223880597,0.1791044776119403
543351,"Jackson, Jay","Pit",144,5,5,4,23.876,1,23.876,0,1,0
622251,"Staumont, Josh","Pit",118,344,344,190,23.94,154,23.94,0.014534883720930232,0.7732558139534884,0.21220930232558138
666204,"Jiménez, Dany","Pit",133,256,256,160,23.986,96,23.986,0,0.796875,0.203125
642231,"Yacabonis, Jimmy","Pit",139,159,159,71,24.021,88,24.021,0,0.8867924528301887,0.11320754716981132
664054,"Stashak, Cody","Pit",142,91,91,62,24.074,29,24.074,0,0.8571428571428571,0.14285714285714285
519326,"Strickland, Hunter","Pit",113,493,493,263,24.262,230,24.262,0,0.7809330628803245,0.21906693711967545
681911,"Vesia, Alex","Pit",119,425,425,241,24.456,184,24.456,0,0.7623529411764706,0.2376470588235294
547973,"Chapman, Aroldis","Pit",147,326,326,197,24.55,129,24.55,0,0.7331288343558282,0.2668711656441718
571479,"Bellatti, Andrew","Pit",143,421,421,217,24.586,204,24.586,0,0.7790973871733967,0.2209026128266033
642207,"Williams, Devin","Pit",158,480,480,296,24.717,184,24.717,0,0.68125,0.31875
448281,"Doolittle, Sean","Pit",120,21,21,10,24.732,11,24.732,0,0.5714285714285714,0.42857142857142855
608678,"Leone, Dominic","Pit",137,296,296,186,24.778,110,24.778,0,0.777027027027027,0.22297297297297297
681799,"Roberts, Ethan","Pit",112,79,79,40,25.327,39,25.327,0,0.6582278481012658,0.34177215189873417
640448,"Finnegan, Kyle","Pit",120,476,476,297,25.543,179,25.543,0,0.8340336134453782,0.16596638655462184
445276,"Jansen, Kenley","Pit",144,446,446,296,25.579,150,25.579,0,0.6591928251121076,0.34080717488789236
608638,"Chargois, JT","Pit",139,155,155,97,25.678,58,25.678,0,0.8258064516129032,0.17419354838709677
606149,"Gallegos, Giovanny","Pit",138,402,402,248,25.811,154,25.811,0.0024875621890547263,0.6492537313432836,0.3482587064676617
642528,"Loáisiga, Jonathan","Pit",147,337,337,179,25.826,158,25.826,0,0.7893175074183977,0.21068249258160238
669742,"Hall, Darick","Pit",143,4,4,,,4,,1,0,0
668800,"Knizner, Andrew","Pit",138,4,4,,,4,,1,0,0
650339,"Palacios, Jermaine","Pit",142,2,2,,,2,,1,0,0
676206,"Tarnok, Freddy","Pit",144,4,4,,,4,,0,0.75,0.25
572816,"Dickerson, Corey","Pit",138,9,9,,,9,,1,0,0
503556,"Gonzalez, Marwin","Pit",147,3,3,,,3,,0.3333333333333333,0.6666666666666666,0
570560,"Sanchez, Carlos","Pit",111,5,5,,,5,,1,0,0
670102,"Francis, Bowden","Pit",141,2,2,,,2,,0,1,0
594838,"Gosselin, Phil","Pit",108,2,2,,,2,,1,0,0