last_name, first_name,player_id,name_abbrev,team_id,position_name,age,bat_side,seconds_since_hit_000,seconds_since_hit_005,seconds_since_hit_010,seconds_since_hit_015,seconds_since_hit_020,seconds_since_hit_025,seconds_since_hit_030,seconds_since_hit_035,seconds_since_hit_040,seconds_since_hit_045,seconds_since_hit_050,seconds_since_hit_055,seconds_since_hit_060,seconds_since_hit_065,seconds_since_hit_070,seconds_since_hit_075,seconds_since_hit_080,seconds_since_hit_085,seconds_since_hit_090
Abreu, José,547989,CWS,145,1B,30,R,0.00,0.55,0.86,1.13,1.38,1.62,1.84,2.05,2.25,2.45,2.64,2.82,3.01,3.20,3.38,3.56,3.74,3.93,4.12
Adams, Lane,572669,ATL,144,,27,R,0.00,0.53,0.81,1.05,1.28,1.49,1.70,1.89,2.07,2.25,2.43,2.60,2.77,2.93,3.10,3.26,3.43,3.59,3.76
Adams, Matt,571431,ATL,144,1B,28,L,0.00,0.54,0.83,1.11,1.36,1.60,1.82,2.03,2.23,2.43,2.63,2.82,3.00,3.19,3.37,3.56,3.75,3.94,4.14
Adduci, James,451192,DET,116,RF,32,L,0.00,0.53,0.81,1.05,1.29,1.51,1.72,1.91,2.10,2.28,2.46,2.63,2.80,2.97,3.14,3.31,3.48,3.65,3.84
Adrianza, Ehire,501303,MIN,142,SS,27,L,0.00,0.53,0.81,1.06,1.30,1.53,1.74,1.94,2.13,2.32,2.51,2.69,2.87,3.05,3.23,3.41,3.59,3.78,3.97
Adrianza, Ehire,501303,MIN,142,SS,27,R,0.00,0.53,0.82,1.09,1.34,1.57,1.78,1.99,2.19,2.38,2.56,2.75,2.93,3.11,3.29,3.46,3.63,3.81,3.99
Aguilar, Jesús,542583,MIL,158,1B,27,R,0.00,0.59,0.93,1.22,1.49,1.74,1.97,2.19,2.40,2.61,2.82,3.02,3.22,3.42,3.62,3.81,4.01,4.21,4.43
Ahmed, Nick,605113,AZ,109,SS,27,R,0.00,0.56,0.87,1.13,1.38,1.61,1.83,2.03,2.23,2.42,2.61,2.79,2.97,3.15,3.33,3.50,3.68,3.85,4.03
Albies, Ozzie,645277,ATL,144,2B,20,L,0.00,0.52,0.80,1.04,1.27,1.48,1.68,1.88,2.06,2.24,2.42,2.60,2.77,2.94,3.11,3.28,3.45,3.62,3.81
Alcántara, Arismendy,570489,CIN,113,,25,R,0.00,0.55,0.83,1.08,1.31,1.53,1.73,1.92,2.11,2.28,2.46,2.63,2.80,2.97,3.13,3.30,3.46,3.63,3.79
Alfaro, Jorge,595751,PHI,143,C,24,R,0.00,0.54,0.85,1.12,1.37,1.60,1.81,2.01,2.21,2.40,2.59,2.77,2.96,3.13,3.31,3.49,3.66,3.83,4.01
Almonte, Abraham,501659,CLE,114,RF,28,L,0.00,0.52,0.80,1.06,1.30,1.52,1.73,1.93,2.12,2.31,2.49,2.67,2.84,3.02,3.19,3.36,3.54,3.71,3.90
Almonte, Abraham,501659,CLE,114,RF,28,R,0.00,0.56,0.86,1.12,1.36,1.59,1.80,2.00,2.20,2.39,2.57,2.75,2.92,3.10,3.27,3.44,3.61,3.78,3.96
Almora Jr., Albert,546991,CHC,112,CF,23,R,0.00,0.54,0.84,1.10,1.35,1.58,1.79,2.00,2.19,2.38,2.57,2.75,2.94,3.11,3.29,3.47,3.64,3.82,4.01
Alonso, Yonder,475174,SEA,136,1B,30,L,0.00,0.54,0.85,1.15,1.42,1.67,1.90,2.12,2.33,2.54,2.74,2.94,3.14,3.34,3.54,3.75,3.96,4.19,4.44
Altherr, Aaron,571437,PHI,143,LF,26,R,0.00,0.53,0.81,1.07,1.31,1.53,1.74,1.94,2.13,2.31,2.49,2.67,2.84,3.02,3.19,3.36,3.53,3.70,3.88
Altuve, Jose,514888,HOU,117,2B,27,R,0.00,0.53,0.81,1.05,1.28,1.49,1.70,1.89,2.07,2.25,2.42,2.59,2.76,2.93,3.10,3.26,3.43,3.60,3.78
Amarista, Alexi,506560,COL,115,,28,L,0.00,0.54,0.82,1.08,1.32,1.55,1.76,1.97,2.16,2.35,2.54,2.73,2.91,3.09,3.27,3.45,3.64,3.83,4.03
Anderson, Brian,605119,MIA,146,3B,24,R,0.00,0.55,0.86,1.13,1.39,1.62,1.84,2.05,2.26,2.45,2.64,2.83,3.02,3.20,3.39,3.57,3.75,3.94,4.14
Anderson, Tim,641313,CWS,145,SS,24,R,0.00,0.53,0.82,1.07,1.30,1.53,1.73,1.93,2.12,2.30,2.48,2.65,2.82,2.99,3.16,3.33,3.50,3.67,3.85
Andrus, Elvis,462101,TEX,140,SS,28,R,0.00,0.55,0.84,1.11,1.35,1.58,1.79,1.99,2.19,2.38,2.56,2.75,2.93,3.10,3.28,3.46,3.63,3.81,4.00
Aoki, Norichika,493114,NYM,121,LF,35,L,0.00,0.57,0.88,1.14,1.38,1.61,1.82,2.02,2.22,2.41,2.60,2.78,2.96,3.14,3.31,3.49,3.67,3.85,4.05
Arcia, Orlando,606115,MIL,158,SS,22,R,0.00,0.54,0.84,1.12,1.36,1.59,1.80,2.00,2.20,2.39,2.57,2.76,2.94,3.12,3.30,3.47,3.65,3.84,4.04
Arenado, Nolan,571448,COL,115,3B,26,R,0.00,0.56,0.89,1.17,1.43,1.67,1.90,2.11,2.32,2.53,2.73,2.92,3.12,3.31,3.50,3.69,3.88,4.08,4.30
Arroyo, Christian,624414,SF,137,3B,22,R,0.00,0.55,0.85,1.11,1.36,1.59,1.81,2.01,2.21,2.41,2.60,2.78,2.97,3.15,3.33,3.50,3.68,3.86,4.05
Asuaje, Carlos,641319,SD,135,2B,25,L,0.00,0.53,0.82,1.08,1.32,1.55,1.77,1.98,2.18,2.37,2.56,2.75,2.93,3.12,3.30,3.47,3.65,3.84,4.03
Avila, Alex,488671,CHC,112,C,30,L,0.00,0.54,0.86,1.16,1.42,1.67,1.90,2.12,2.34,2.55,2.75,2.95,3.15,3.34,3.54,3.73,3.93,4.13,4.33
Aviles, Mike,449107,MIA,146,SS,36,R,0.00,0.54,0.84,1.10,1.35,1.58,1.80,2.00,2.20,2.39,2.58,2.76,2.94,3.12,3.30,3.47,3.65,3.82,4.00
Aybar, Erick,430947,SD,135,SS,33,L,0.00,0.53,0.82,1.09,1.34,1.57,1.78,1.99,2.18,2.37,2.56,2.74,2.92,3.10,3.28,3.45,3.63,3.81,4.00
Aybar, Erick,430947,SD,135,SS,33,R,0.00,0.55,0.86,1.13,1.38,1.61,1.83,2.04,2.24,2.43,2.62,2.80,2.98,3.16,3.34,3.52,3.70,3.87,4.06
Bader, Harrison,664056,STL,138,CF,23,R,0.00,0.56,0.85,1.09,1.33,1.54,1.74,1.94,2.12,2.30,2.48,2.65,2.82,2.99,3.15,3.32,3.48,3.64,3.81
Bandy, Jett,542908,MIL,158,C,27,R,0.00,0.55,0.89,1.19,1.46,1.71,1.95,2.18,2.40,2.62,2.83,3.04,3.25,3.46,3.66,3.87,4.08,4.30,4.53
Barnes, Austin,605131,LAD,119,C,27,R,0.00,0.53,0.82,1.09,1.33,1.56,1.78,1.99,2.18,2.37,2.56,2.75,2.93,3.11,3.29,3.47,3.65,3.83,4.02
Barney, Darwin,446381,TOR,141,2B,31,R,0.00,0.55,0.85,1.11,1.35,1.58,1.80,2.00,2.20,2.39,2.58,2.76,2.95,3.13,3.31,3.48,3.66,3.84,4.03
Barnhart, Tucker,571466,CIN,113,C,26,L,0.00,0.54,0.84,1.12,1.38,1.62,1.84,2.06,2.27,2.47,2.67,2.86,3.06,3.25,3.44,3.63,3.83,4.03,4.24
Barnhart, Tucker,571466,CIN,113,C,26,R,0.00,0.56,0.89,1.18,1.45,1.69,1.92,2.13,2.34,2.55,2.75,2.94,3.14,3.33,3.53,3.72,3.91,4.10,4.31
Bautista, José,430832,TOR,141,RF,36,R,0.00,0.54,0.86,1.14,1.40,1.64,1.86,2.08,2.29,2.49,2.69,2.89,3.08,3.28,3.47,3.66,3.85,4.04,4.24
Beckham, Tim,542921,BAL,110,SS,27,R,0.00,0.55,0.86,1.12,1.37,1.60,1.81,2.01,2.21,2.40,2.58,2.77,2.94,3.12,3.30,3.47,3.64,3.82,4.00
Bell, Josh,605137,PIT,134,1B,24,L,0.00,0.54,0.84,1.10,1.35,1.58,1.80,2.01,2.21,2.40,2.59,2.77,2.96,3.14,3.32,3.50,3.67,3.86,4.05
Bell, Josh,605137,PIT,134,1B,24,R,0.00,0.55,0.85,1.12,1.37,1.60,1.82,2.02,2.22,2.42,2.61,2.79,2.97,3.15,3.33,3.51,3.69,3.86,4.05
Bellinger, Cody,641355,LAD,119,1B,21,L,0.00,0.54,0.82,1.07,1.30,1.51,1.72,1.91,2.10,2.28,2.46,2.63,2.81,2.98,3.15,3.32,3.49,3.66,3.84
Belt, Brandon,474832,SF,137,1B,29,L,0.00,0.54,0.83,1.09,1.34,1.57,1.79,2.00,2.20,2.39,2.58,2.77,2.95,3.13,3.31,3.49,3.67,3.85,4.05
Beltrán, Carlos,136860,HOU,117,DH,40,L,0.00,0.52,0.82,1.09,1.35,1.58,1.81,2.02,2.22,2.42,2.62,2.81,3.00,3.19,3.38,3.56,3.75,3.95,4.15
Beltrán, Carlos,136860,HOU,117,DH,40,R,0.00,0.55,0.86,1.14,1.40,1.64,1.86,2.07,2.28,2.48,2.67,2.87,3.06,3.25,3.44,3.62,3.81,4.00,4.21
Beltré, Adrián,134181,TEX,140,3B,38,R,0.00,0.57,0.89,1.18,1.44,1.69,1.92,2.14,2.36,2.56,2.77,2.97,3.17,3.37,3.57,3.76,3.96,4.16,4.38
Benintendi, Andrew,643217,BOS,111,LF,22,L,0.00,0.53,0.81,1.06,1.29,1.51,1.72,1.91,2.10,2.29,2.47,2.64,2.82,2.99,3.17,3.34,3.51,3.69,3.87
Betts, Mookie,605141,BOS,111,RF,24,R,0.00,0.53,0.82,1.07,1.31,1.54,1.75,1.95,2.14,2.32,2.50,2.68,2.86,3.03,3.20,3.37,3.54,3.72,3.90
Bird, Greg,595885,NYY,147,1B,24,L,0.00,0.55,0.86,1.14,1.40,1.63,1.86,2.07,2.27,2.48,2.67,2.87,3.06,3.25,3.44,3.64,3.83,4.03,4.25
Blackmon, Charlie,453568,COL,115,CF,30,L,0.00,0.53,0.81,1.06,1.30,1.52,1.72,1.92,2.11,2.29,2.47,2.65,2.82,3.00,3.17,3.33,3.50,3.68,3.86
Blanco, Andrés,433217,PHI,143,2B,33,R,0.00,0.53,0.83,1.10,1.35,1.59,1.81,2.02,2.22,2.42,2.62,2.81,3.00,3.18,3.37,3.55,3.74,3.93,4.12
Blanco, Andrés,433217,PHI,143,2B,33,L,0.00,0.51,0.80,1.06,1.31,1.54,1.76,1.97,2.17,2.37,2.57,2.76,2.95,3.14,3.34,3.53,3.73,3.94,4.16
Blanco, Grégor,453923,AZ,109,CF,33,L,0.00,0.53,0.81,1.06,1.29,1.50,1.71,1.90,2.09,2.27,2.45,2.62,2.79,2.96,3.13,3.30,3.47,3.64,3.82
Blash, Jabari,518466,SD,135,RF,27,R,0.00,0.55,0.86,1.13,1.38,1.61,1.82,2.03,2.22,2.42,2.60,2.79,2.97,3.15,3.32,3.50,3.67,3.85,4.03
Bogaerts, Xander,593428,BOS,111,SS,24,R,0.00,0.55,0.84,1.11,1.35,1.57,1.78,1.99,2.18,2.36,2.55,2.73,2.90,3.08,3.25,3.42,3.60,3.77,3.96
Bonifacio, Jorge,593528,KC,118,RF,24,R,0.00,0.55,0.85,1.12,1.36,1.59,1.80,2.00,2.19,2.38,2.56,2.74,2.92,3.09,3.26,3.43,3.60,3.77,3.95
Bour, Justin,571506,MIA,146,1B,29,L,0.00,0.56,0.88,1.16,1.42,1.67,1.90,2.11,2.33,2.53,2.74,2.94,3.13,3.33,3.53,3.73,3.93,4.15,4.37
Bourjos, Peter,488721,TB,139,LF,30,R,0.00,0.53,0.81,1.05,1.28,1.49,1.69,1.89,2.07,2.25,2.42,2.59,2.76,2.92,3.08,3.25,3.41,3.57,3.74
Bradley Jr., Jackie,598265,BOS,111,CF,27,L,0.00,0.53,0.81,1.06,1.30,1.53,1.74,1.95,2.14,2.33,2.52,2.70,2.88,3.06,3.24,3.41,3.59,3.77,3.96
Brantley, Michael,488726,CLE,114,LF,30,L,0.00,0.51,0.79,1.05,1.29,1.52,1.73,1.94,2.14,2.33,2.52,2.71,2.89,3.08,3.27,3.45,3.65,3.85,4.06
Braun, Ryan,460075,MIL,158,LF,33,R,0.00,0.54,0.83,1.09,1.34,1.56,1.78,1.98,2.18,2.37,2.56,2.74,2.93,3.11,3.29,3.47,3.65,3.83,4.02
Bregman, Alex,608324,HOU,117,3B,23,R,0.00,0.54,0.83,1.09,1.33,1.55,1.77,1.97,2.16,2.35,2.54,2.72,2.90,3.07,3.25,3.42,3.60,3.78,3.96
Brinson, Lewis,621446,MIL,158,CF,23,R,0.00,0.55,0.85,1.11,1.34,1.56,1.77,1.96,2.15,2.33,2.51,2.69,2.86,3.03,3.20,3.37,3.53,3.70,3.87
Broxton, Keon,542979,MIL,158,CF,27,R,0.00,0.55,0.83,1.08,1.31,1.53,1.73,1.93,2.11,2.29,2.47,2.64,2.81,2.98,3.14,3.31,3.47,3.63,3.80
Bruce, Jay,457803,CLE,114,RF,30,L,0.00,0.53,0.82,1.09,1.34,1.57,1.78,1.99,2.19,2.38,2.57,2.76,2.95,3.13,3.31,3.49,3.68,3.86,4.05
Brugman, Jaycob,595144,OAK,133,CF,25,L,0.00,0.54,0.82,1.08,1.32,1.55,1.77,1.98,2.17,2.36,2.55,2.74,2.92,3.10,3.28,3.45,3.63,3.82,4.01
Bryant, Kris,592178,CHC,112,3B,25,R,0.00,0.55,0.85,1.11,1.35,1.57,1.78,1.98,2.17,2.35,2.54,2.71,2.89,3.06,3.23,3.40,3.57,3.74,3.92
Butera, Drew,460077,KC,118,C,33,R,0.00,0.55,0.86,1.14,1.40,1.65,1.88,2.09,2.30,2.51,2.71,2.91,3.11,3.31,3.50,3.70,3.89,4.10,4.32
Buxton, Byron,621439,MIN,142,CF,23,R,0.00,0.53,0.81,1.06,1.28,1.49,1.69,1.88,2.06,2.23,2.40,2.57,2.73,2.90,3.06,3.22,3.38,3.54,3.71
Báez, Javier,595879,CHC,112,SS,24,R,0.00,0.55,0.85,1.10,1.34,1.56,1.77,1.97,2.16,2.34,2.52,2.70,2.87,3.05,3.22,3.39,3.55,3.72,3.90
Cabrera, Asdrúbal,452678,NYM,121,SS,31,R,0.00,0.56,0.88,1.16,1.42,1.66,1.88,2.10,2.30,2.50,2.70,2.89,3.08,3.27,3.46,3.64,3.83,4.02,4.22
Cabrera, Asdrúbal,452678,NYM,121,SS,31,L,0.00,0.53,0.85,1.13,1.39,1.63,1.86,2.07,2.28,2.48,2.68,2.88,3.07,3.27,3.46,3.66,3.86,4.07,4.29
Cabrera, Melky,466320,KC,118,LF,32,L,0.00,0.55,0.84,1.11,1.36,1.59,1.81,2.02,2.22,2.41,2.60,2.79,2.98,3.16,3.34,3.53,3.71,3.91,4.11
Cabrera, Melky,466320,KC,118,LF,32,R,0.00,0.55,0.86,1.14,1.39,1.63,1.85,2.07,2.27,2.47,2.66,2.85,3.04,3.22,3.41,3.59,3.78,3.97,4.17
Cabrera, Miguel,408234,DET,116,1B,34,R,0.00,0.56,0.89,1.18,1.44,1.69,1.92,2.14,2.35,2.55,2.76,2.96,3.15,3.35,3.54,3.74,3.94,4.14,4.35
Cain, Lorenzo,456715,KC,118,CF,31,R,0.00,0.55,0.85,1.10,1.34,1.56,1.77,1.97,2.15,2.34,2.51,2.69,2.86,3.03,3.20,3.37,3.53,3.70,3.87
Calhoun, Kole,594777,LAA,108,RF,29,L,0.00,0.53,0.82,1.09,1.34,1.58,1.80,2.01,2.21,2.40,2.60,2.79,2.97,3.16,3.35,3.53,3.72,3.92,4.12
Calhoun, Willie,641432,TEX,140,LF,22,L,0.00,0.53,0.84,1.12,1.37,1.61,1.83,2.04,2.25,2.45,2.64,2.84,3.03,3.22,3.41,3.59,3.79,3.99,4.20
Calixte, Orlando,593525,SF,137,LF,25,R,0.00,0.57,0.87,1.14,1.38,1.61,1.82,2.02,2.21,2.39,2.57,2.75,2.92,3.10,3.27,3.43,3.60,3.76,3.94
Camargo, Johan,622666,ATL,144,3B,23,L,0.00,0.53,0.82,1.09,1.33,1.56,1.78,1.98,2.18,2.38,2.57,2.75,2.94,3.12,3.30,3.49,3.68,3.87,4.07
Candelario, Jeimer,600869,DET,116,3B,23,L,0.00,0.52,0.81,1.07,1.31,1.54,1.76,1.96,2.16,2.34,2.53,2.71,2.89,3.07,3.24,3.42,3.59,3.76,3.95
Canha, Mark,592192,OAK,133,CF,28,R,0.00,0.56,0.86,1.12,1.37,1.59,1.81,2.01,2.21,2.40,2.58,2.76,2.94,3.12,3.30,3.48,3.65,3.83,4.00
Canó, Robinson,429664,SEA,136,2B,34,L,0.00,0.54,0.84,1.12,1.38,1.62,1.84,2.06,2.27,2.47,2.67,2.87,3.06,3.26,3.45,3.65,3.85,4.06,4.28
Caratini, Victor,605170,CHC,112,C,23,L,0.00,0.53,0.83,1.11,1.36,1.60,1.82,2.03,2.24,2.44,2.64,2.83,3.02,3.21,3.40,3.59,3.79,3.99,4.22
Carpenter, Matt,572761,STL,138,1B,31,L,0.00,0.54,0.85,1.12,1.36,1.59,1.81,2.02,2.22,2.42,2.61,2.80,2.98,3.17,3.35,3.53,3.72,3.91,4.11
Carrera, Ezequiel,485567,TOR,141,LF,30,L,0.00,0.53,0.82,1.08,1.31,1.54,1.75,1.94,2.14,2.32,2.50,2.68,2.85,3.03,3.20,3.37,3.54,3.71,3.89
Carter, Chris,474892,NYY,147,1B,30,R,0.00,0.56,0.87,1.15,1.41,1.64,1.86,2.07,2.28,2.47,2.67,2.85,3.04,3.23,3.41,3.59,3.77,3.95,4.15
Castellanos, Nick,592206,DET,116,3B,25,R,0.00,0.55,0.85,1.11,1.35,1.58,1.79,1.99,2.18,2.37,2.56,2.74,2.92,3.09,3.26,3.43,3.60,3.77,3.95
Castillo, Welington,456078,BAL,110,C,30,R,0.00,0.55,0.86,1.14,1.40,1.63,1.86,2.08,2.28,2.49,2.69,2.89,3.08,3.28,3.47,3.66,3.86,4.06,4.26
Castro, Jason,488771,MIN,142,C,30,L,0.00,0.54,0.83,1.10,1.35,1.58,1.80,2.01,2.21,2.41,2.61,2.80,2.98,3.17,3.35,3.54,3.72,3.91,4.11
Castro, Starlin,516770,NYY,147,2B,27,R,0.00,0.54,0.83,1.09,1.34,1.56,1.78,1.98,2.17,2.36,2.55,2.73,2.91,3.09,3.26,3.44,3.61,3.79,3.99
Cecchini, Gavin,608325,NYM,121,2B,23,R,0.00,0.55,0.84,1.10,1.35,1.58,1.79,2.00,2.19,2.38,2.57,2.75,2.93,3.11,3.29,3.46,3.64,3.82,4.01
Cervelli, Francisco,465041,PIT,134,C,31,R,0.00,0.55,0.87,1.15,1.41,1.65,1.87,2.09,2.29,2.50,2.69,2.89,3.08,3.27,3.46,3.65,3.84,4.03,4.23
Cespedes, Yoenis,493316,NYM,121,LF,31,R,0.00,0.54,0.84,1.10,1.34,1.57,1.78,1.98,2.17,2.35,2.54,2.71,2.89,3.06,3.24,3.41,3.58,3.76,3.93
Chapman, Matt,656305,OAK,133,3B,24,R,0.00,0.52,0.81,1.07,1.31,1.54,1.75,1.95,2.14,2.32,2.50,2.68,2.86,3.03,3.20,3.37,3.54,3.71,3.88
Chirinos, Robinson,455139,TEX,140,C,33,R,0.00,0.53,0.84,1.11,1.36,1.60,1.82,2.04,2.25,2.45,2.65,2.84,3.04,3.23,3.43,3.63,3.83,4.04,4.26
Chisenhall, Lonnie,502082,CLE,114,RF,28,L,0.00,0.52,0.82,1.08,1.33,1.56,1.78,1.99,2.19,2.38,2.57,2.75,2.94,3.12,3.30,3.48,3.67,3.86,4.05
Choo, Shin-Soo,425783,TEX,140,RF,34,L,0.00,0.54,0.83,1.10,1.35,1.58,1.79,2.00,2.20,2.39,2.58,2.77,2.95,3.13,3.32,3.50,3.69,3.88,4.10
Coghlan, Chris,458085,TOR,141,3B,32,L,0.00,0.53,0.82,1.08,1.33,1.56,1.78,1.99,2.19,2.39,2.58,2.77,2.96,3.15,3.33,3.52,3.70,3.89,4.08
Collins, Tyler,607385,DET,116,CF,27,L,0.00,0.52,0.80,1.05,1.29,1.52,1.73,1.92,2.12,2.30,2.48,2.66,2.84,3.01,3.18,3.36,3.53,3.71,3.89
Colón, Christian,518568,MIA,146,3B,28,R,0.00,0.56,0.88,1.16,1.42,1.66,1.89,2.10,2.31,2.51,2.71,2.90,3.10,3.29,3.47,3.66,3.85,4.04,4.24
Conforto, Michael,624424,NYM,121,LF,24,L,0.00,0.53,0.82,1.08,1.31,1.54,1.75,1.95,2.14,2.33,2.51,2.69,2.87,3.04,3.22,3.39,3.57,3.75,3.94
Contreras, Willson,575929,CHC,112,C,25,R,0.00,0.55,0.84,1.10,1.34,1.56,1.78,1.98,2.17,2.36,2.55,2.73,2.91,3.09,3.26,3.44,3.62,3.80,3.99
Cordero, Franchy,614173,SD,135,CF,22,L,0.00,0.51,0.79,1.03,1.26,1.47,1.67,1.86,2.05,2.22,2.40,2.57,2.74,2.90,3.06,3.22,3.38,3.55,3.72
Correa, Carlos,621043,HOU,117,SS,22,R,0.00,0.54,0.83,1.10,1.34,1.57,1.78,1.98,2.18,2.36,2.55,2.73,2.90,3.08,3.25,3.43,3.60,3.78,3.96
Cowart, Kaleb,592230,LAA,108,2B,25,L,0.00,0.52,0.81,1.06,1.31,1.53,1.74,1.94,2.14,2.32,2.51,2.69,2.88,3.06,3.23,3.41,3.60,3.79,3.98
Cozart, Zack,446359,CIN,113,SS,31,R,0.00,0.55,0.85,1.12,1.37,1.60,1.82,2.03,2.23,2.43,2.62,2.81,3.00,3.18,3.37,3.55,3.74,3.93,4.13
Crawford, Brandon,543063,SF,137,SS,30,L,0.00,0.55,0.85,1.11,1.36,1.59,1.81,2.02,2.22,2.42,2.61,2.81,2.99,3.18,3.37,3.56,3.74,3.94,4.15
Crawford, J.P.,641487,PHI,143,3B,22,L,0.00,0.55,0.85,1.11,1.35,1.58,1.79,1.99,2.19,2.38,2.56,2.74,2.92,3.10,3.28,3.45,3.62,3.80,3.99
Cron, C.J.,543068,LAA,108,1B,27,R,0.00,0.55,0.86,1.13,1.39,1.62,1.85,2.06,2.27,2.47,2.66,2.85,3.05,3.23,3.42,3.60,3.79,3.98,4.17
Cruz, Nelson,443558,SEA,136,DH,36,R,0.00,0.55,0.86,1.14,1.40,1.64,1.87,2.09,2.30,2.50,2.70,2.90,3.09,3.28,3.47,3.66,3.85,4.05,4.25
Cuthbert, Cheslor,596144,KC,118,3B,24,R,0.00,0.54,0.85,1.12,1.37,1.61,1.83,2.05,2.25,2.45,2.65,2.84,3.03,3.22,3.41,3.60,3.79,3.99,4.20
Córdoba, Allen,642707,SD,135,LF,21,R,0.00,0.55,0.84,1.09,1.33,1.55,1.76,1.95,2.14,2.33,2.51,2.68,2.86,3.03,3.20,3.36,3.53,3.69,3.86
Davidson, Matt,571602,CWS,145,DH,26,R,0.00,0.55,0.87,1.14,1.40,1.64,1.86,2.08,2.29,2.49,2.69,2.89,3.09,3.28,3.47,3.67,3.86,4.05,4.26
Davis, Chris,448801,BAL,110,1B,31,L,0.00,0.53,0.84,1.12,1.37,1.61,1.84,2.05,2.26,2.46,2.66,2.86,3.05,3.25,3.44,3.63,3.82,4.02,4.22
Davis, J.D.,605204,HOU,117,3B,24,R,0.00,0.53,0.82,1.09,1.34,1.57,1.79,1.99,2.20,2.39,2.58,2.77,2.95,3.14,3.32,3.50,3.68,3.86,4.05
Davis, Khris,501981,OAK,133,LF,29,R,0.00,0.55,0.85,1.12,1.37,1.60,1.82,2.03,2.23,2.42,2.61,2.80,2.99,3.17,3.35,3.54,3.72,3.91,4.11
Davis, Rajai,434658,BOS,111,CF,36,R,0.00,0.54,0.82,1.07,1.30,1.52,1.73,1.92,2.11,2.29,2.47,2.64,2.81,2.98,3.15,3.31,3.47,3.64,3.80
DeJong, Paul,657557,STL,138,SS,23,R,0.00,0.53,0.83,1.08,1.32,1.54,1.74,1.94,2.13,2.31,2.50,2.67,2.85,3.02,3.19,3.36,3.53,3.71,3.88
DeShields, Delino,592261,TEX,140,LF,24,R,0.00,0.54,0.82,1.06,1.29,1.50,1.70,1.89,2.07,2.25,2.42,2.58,2.75,2.91,3.08,3.23,3.39,3.55,3.72
Delmonico, Nicky,547170,CWS,145,LF,24,L,0.00,0.52,0.81,1.07,1.32,1.55,1.76,1.96,2.16,2.35,2.53,2.72,2.90,3.07,3.25,3.43,3.60,3.78,3.97
Descalso, Daniel,518614,AZ,109,2B,30,L,0.00,0.54,0.84,1.10,1.34,1.57,1.78,1.99,2.18,2.37,2.56,2.74,2.92,3.10,3.28,3.45,3.63,3.82,4.01
Desmond, Ian,435622,COL,115,LF,31,R,0.00,0.54,0.84,1.10,1.34,1.57,1.78,1.98,2.18,2.36,2.55,2.73,2.91,3.08,3.26,3.43,3.61,3.78,3.97
Devers, Rafael,646240,BOS,111,3B,20,L,0.00,0.54,0.83,1.10,1.34,1.57,1.78,1.98,2.18,2.36,2.55,2.73,2.91,3.08,3.26,3.43,3.61,3.79,3.98
Dickerson, Corey,572816,TB,139,LF,28,L,0.00,0.54,0.84,1.09,1.33,1.56,1.77,1.97,2.17,2.35,2.54,2.72,2.90,3.08,3.25,3.43,3.61,3.79,3.98
Dietrich, Derek,518618,MIA,146,3B,27,L,0.00,0.54,0.83,1.08,1.33,1.56,1.78,1.98,2.18,2.37,2.56,2.75,2.93,3.11,3.29,3.47,3.65,3.84,4.03
Difo, Wilmer,594694,WSH,120,SS,25,L,0.00,0.54,0.83,1.08,1.31,1.53,1.73,1.93,2.11,2.29,2.47,2.65,2.82,2.99,3.16,3.33,3.49,3.67,3.85
Difo, Wilmer,594694,WSH,120,SS,25,R,0.00,0.54,0.83,1.08,1.31,1.53,1.74,1.93,2.12,2.30,2.48,2.66,2.83,3.00,3.17,3.34,3.50,3.68,3.85
Donaldson, Josh,518626,TOR,141,3B,31,R,0.00,0.54,0.85,1.11,1.36,1.60,1.82,2.03,2.23,2.42,2.61,2.80,2.99,3.17,3.36,3.54,3.72,3.91,4.09
Dozier, Brian,572821,MIN,142,2B,30,R,0.00,0.54,0.83,1.09,1.33,1.56,1.77,1.97,2.17,2.36,2.54,2.73,2.91,3.09,3.27,3.45,3.63,3.81,4.01
Drew, Stephen,452220,WSH,120,SS,34,L,0.00,0.53,0.83,1.10,1.35,1.58,1.81,2.02,2.22,2.42,2.61,2.81,3.00,3.20,3.40,3.60,3.80,4.02,4.25
Drury, Brandon,592273,AZ,109,2B,24,R,0.00,0.55,0.86,1.13,1.39,1.62,1.84,2.05,2.25,2.44,2.63,2.82,3.01,3.19,3.37,3.55,3.73,3.92,4.11
Duda, Lucas,446263,TB,139,1B,31,L,0.00,0.54,0.84,1.12,1.38,1.62,1.84,2.06,2.26,2.47,2.67,2.86,3.06,3.25,3.44,3.63,3.82,4.02,4.23
Duvall, Adam,594807,CIN,113,LF,28,R,0.00,0.55,0.84,1.10,1.34,1.57,1.78,1.98,2.18,2.37,2.55,2.73,2.91,3.09,3.27,3.44,3.61,3.78,3.96
Dyson, Jarrod,502481,SEA,136,CF,32,L,0.00,0.51,0.78,1.01,1.24,1.45,1.65,1.84,2.02,2.19,2.37,2.54,2.71,2.88,3.05,3.21,3.38,3.56,3.75
Díaz, Aledmys,649557,STL,138,SS,26,R,0.00,0.55,0.86,1.13,1.37,1.60,1.81,2.01,2.20,2.39,2.57,2.75,2.93,3.10,3.28,3.45,3.62,3.79,3.96
Díaz, Elias,553869,PIT,134,C,26,R,0.00,0.54,0.85,1.12,1.37,1.61,1.82,2.03,2.23,2.43,2.62,2.81,2.99,3.18,3.36,3.54,3.72,3.90,4.08
Díaz, Yandy,650490,CLE,114,3B,25,R,0.00,0.54,0.84,1.10,1.35,1.58,1.79,1.99,2.19,2.38,2.56,2.75,2.93,3.11,3.28,3.46,3.63,3.81,3.99
Eaton, Adam,594809,WSH,120,CF,28,L,0.00,0.54,0.82,1.07,1.30,1.52,1.72,1.91,2.10,2.28,2.46,2.63,2.81,2.98,3.15,3.32,3.49,3.67,3.86
Ellis, A.J.,454560,MIA,146,C,36,R,0.00,0.55,0.88,1.18,1.44,1.69,1.92,2.15,2.37,2.58,2.78,2.99,3.19,3.39,3.59,3.79,3.99,4.19,4.41
Ellsbury, Jacoby,453056,NYY,147,CF,33,L,0.00,0.52,0.80,1.04,1.28,1.50,1.70,1.90,2.08,2.27,2.45,2.62,2.80,2.97,3.14,3.31,3.49,3.67,3.85
Encarnación, Edwin,429665,CLE,114,DH,34,R,0.00,0.56,0.87,1.15,1.41,1.65,1.88,2.10,2.30,2.51,2.71,2.90,3.10,3.29,3.49,3.68,3.88,4.08,4.29
Engel, Adam,641553,CWS,145,CF,25,R,0.00,0.53,0.80,1.05,1.28,1.49,1.69,1.88,2.07,2.24,2.42,2.59,2.76,2.92,3.08,3.25,3.41,3.57,3.73
Ervin, Phillip,640447,CIN,113,CF,24,R,0.00,0.55,0.83,1.08,1.32,1.55,1.76,1.96,2.15,2.33,2.51,2.69,2.86,3.03,3.21,3.38,3.55,3.72,3.91
Escobar, Alcides,444876,KC,118,SS,30,R,0.00,0.54,0.85,1.11,1.36,1.58,1.80,2.00,2.20,2.39,2.57,2.76,2.93,3.11,3.29,3.46,3.63,3.81,3.99
Escobar, Eduardo,500871,MIN,142,3B,28,L,0.00,0.53,0.80,1.05,1.29,1.52,1.73,1.93,2.12,2.31,2.49,2.67,2.85,3.03,3.20,3.38,3.56,3.74,3.93
Escobar, Eduardo,500871,MIN,142,3B,28,R,0.00,0.55,0.84,1.10,1.34,1.56,1.77,1.97,2.16,2.35,2.53,2.71,2.89,3.07,3.24,3.41,3.59,3.77,3.95
Escobar, Yunel,488862,LAA,108,3B,34,R,0.00,0.56,0.87,1.15,1.41,1.64,1.86,2.08,2.28,2.48,2.68,2.87,3.06,3.26,3.44,3.64,3.83,4.03,4.23
Espinosa, Danny,457787,TB,139,2B,30,L,0.00,0.53,0.80,1.05,1.29,1.52,1.73,1.93,2.13,2.31,2.50,2.68,2.86,3.03,3.21,3.38,3.55,3.72,3.90
Espinosa, Danny,457787,TB,139,2B,30,R,0.00,0.56,0.86,1.12,1.37,1.59,1.81,2.01,2.21,2.40,2.58,2.77,2.95,3.13,3.31,3.48,3.66,3.83,4.01
Ethier, Andre,444843,LAD,119,LF,35,L,0.00,0.52,0.82,1.09,1.34,1.58,1.80,2.01,2.21,2.41,2.60,2.79,2.98,3.16,3.35,3.53,3.71,3.90,4.09
Fisher, Derek,605233,HOU,117,LF,23,L,0.00,0.50,0.77,1.01,1.24,1.46,1.66,1.85,2.03,2.21,2.38,2.55,2.72,2.89,3.05,3.21,3.37,3.54,3.71
Flaherty, Ryan,475247,BAL,110,SS,30,L,0.00,0.55,0.85,1.12,1.37,1.60,1.83,2.04,2.24,2.44,2.63,2.82,3.01,3.19,3.38,3.57,3.76,3.95,4.15
Flores, Wilmer,527038,NYM,121,3B,25,R,0.00,0.57,0.88,1.16,1.42,1.66,1.89,2.10,2.31,2.52,2.71,2.91,3.10,3.29,3.48,3.67,3.86,4.05,4.25
Flowers, Tyler,452095,ATL,144,C,31,R,0.00,0.56,0.86,1.14,1.39,1.63,1.85,2.07,2.27,2.47,2.67,2.86,3.06,3.24,3.43,3.62,3.80,3.99,4.19
Forsythe, Logan,523253,LAD,119,2B,30,R,0.00,0.56,0.88,1.15,1.41,1.64,1.86,2.07,2.27,2.46,2.65,2.84,3.02,3.21,3.39,3.56,3.74,3.92,4.11
Fowler, Dexter,451594,STL,138,CF,31,R,0.00,0.54,0.84,1.11,1.35,1.58,1.79,1.99,2.18,2.37,2.55,2.73,2.91,3.09,3.26,3.43,3.60,3.78,3.96
Fowler, Dexter,451594,STL,138,CF,31,L,0.00,0.52,0.81,1.07,1.31,1.54,1.75,1.95,2.14,2.33,2.51,2.69,2.87,3.04,3.21,3.38,3.56,3.74,3.92
Franco, Maikel,596748,PHI,143,3B,24,R,0.00,0.56,0.88,1.16,1.41,1.65,1.87,2.09,2.29,2.49,2.69,2.88,3.07,3.26,3.45,3.64,3.83,4.03,4.24
Franklin, Nick,545338,LAA,108,,26,L,0.00,0.58,0.89,1.17,1.41,1.64,1.86,2.07,2.27,2.46,2.65,2.84,3.03,3.21,3.39,3.58,3.76,3.95,4.15
Frazier, Adam,624428,PIT,134,LF,25,L,0.00,0.53,0.82,1.08,1.32,1.55,1.76,1.96,2.16,2.35,2.53,2.71,2.89,3.07,3.25,3.43,3.61,3.79,3.98
Frazier, Jackson,640449,NYY,147,LF,22,R,0.00,0.54,0.83,1.08,1.31,1.53,1.73,1.93,2.12,2.30,2.48,2.66,2.83,3.00,3.18,3.34,3.51,3.68,3.86
Frazier, Todd,453943,NYY,147,3B,31,R,0.00,0.54,0.84,1.10,1.35,1.58,1.80,2.01,2.21,2.40,2.59,2.78,2.97,3.15,3.34,3.52,3.70,3.89,4.08
Freeman, Freddie,518692,ATL,144,1B,27,L,0.00,0.53,0.83,1.11,1.36,1.59,1.81,2.02,2.22,2.42,2.61,2.80,2.98,3.17,3.35,3.53,3.71,3.90,4.09
Freeman, Mike,502273,CHC,112,SS,29,L,0.00,0.54,0.83,1.09,1.33,1.55,1.76,1.96,2.16,2.34,2.52,2.70,2.88,3.06,3.23,3.40,3.57,3.74,3.92
Freese, David,501896,PIT,134,3B,34,R,0.00,0.55,0.86,1.13,1.37,1.60,1.82,2.03,2.23,2.42,2.61,2.80,2.99,3.17,3.35,3.53,3.72,3.90,4.10
Fryer, Eric,518700,STL,138,C,31,R,0.00,0.54,0.84,1.11,1.35,1.58,1.79,1.99,2.19,2.38,2.57,2.75,2.93,3.11,3.28,3.46,3.64,3.81,4.00
Fuentes, Rey,571681,AZ,109,CF,26,L,0.00,0.52,0.79,1.04,1.27,1.48,1.69,1.88,2.07,2.25,2.43,2.61,2.78,2.95,3.12,3.29,3.45,3.63,3.81
Gallo, Joey,608336,TEX,140,3B,23,L,0.00,0.53,0.82,1.08,1.33,1.56,1.77,1.97,2.17,2.36,2.55,2.73,2.92,3.10,3.27,3.45,3.63,3.81,3.99
Galvis, Freddy,520471,PHI,143,SS,27,R,0.00,0.54,0.84,1.10,1.34,1.57,1.78,1.99,2.18,2.37,2.56,2.74,2.92,3.10,3.28,3.46,3.63,3.81,3.99
Galvis, Freddy,520471,PHI,143,SS,27,L,0.00,0.55,0.85,1.11,1.35,1.58,1.80,2.00,2.20,2.39,2.58,2.77,2.95,3.13,3.31,3.49,3.67,3.86,4.05
Gamel, Ben,592325,SEA,136,LF,25,L,0.00,0.51,0.78,1.03,1.27,1.48,1.69,1.89,2.07,2.26,2.43,2.61,2.79,2.96,3.13,3.29,3.46,3.63,3.81
Garcia, Greg,594824,STL,138,3B,27,L,0.00,0.53,0.82,1.08,1.32,1.54,1.75,1.95,2.15,2.34,2.52,2.70,2.88,3.06,3.23,3.40,3.58,3.76,3.94
Garcia, Leury,544725,CWS,145,CF,26,R,0.00,0.55,0.83,1.08,1.31,1.53,1.74,1.94,2.13,2.31,2.49,2.67,2.84,3.02,3.19,3.36,3.53,3.70,3.89
Garcia, Leury,544725,CWS,145,CF,26,L,0.00,0.53,0.81,1.05,1.29,1.50,1.71,1.91,2.10,2.28,2.46,2.64,2.81,2.98,3.15,3.32,3.49,3.67,3.85
García, Adonis,611177,ATL,144,3B,32,R,0.00,0.55,0.84,1.11,1.36,1.59,1.80,2.01,2.21,2.41,2.60,2.79,2.98,3.16,3.35,3.53,3.72,3.90,4.10
García, Avisaíl,541645,CWS,145,RF,26,R,0.00,0.54,0.84,1.11,1.35,1.57,1.78,1.98,2.17,2.35,2.53,2.71,2.88,3.05,3.22,3.39,3.55,3.72,3.89
García, Willy,591994,CWS,145,RF,24,R,0.00,0.54,0.85,1.13,1.38,1.62,1.83,2.04,2.24,2.44,2.63,2.82,3.00,3.18,3.36,3.53,3.71,3.88,4.06
Gardner, Brett,458731,NYY,147,LF,33,L,0.00,0.53,0.80,1.05,1.28,1.50,1.71,1.90,2.09,2.27,2.45,2.62,2.79,2.96,3.13,3.30,3.46,3.64,3.82
Garneau, Dustin,572863,OAK,133,C,29,R,0.00,0.56,0.87,1.14,1.39,1.63,1.85,2.06,2.26,2.45,2.64,2.83,3.02,3.20,3.38,3.56,3.74,3.92,4.10
Gattis, Evan,594828,HOU,117,C,30,R,0.00,0.54,0.85,1.12,1.38,1.61,1.83,2.04,2.24,2.44,2.63,2.82,3.01,3.20,3.38,3.56,3.75,3.93,4.12
Gennett, Scooter,571697,CIN,113,2B,27,L,0.00,0.54,0.84,1.11,1.36,1.58,1.80,2.01,2.21,2.40,2.59,2.78,2.97,3.15,3.34,3.52,3.71,3.91,4.11
Gentry, Craig,502226,BAL,110,RF,33,R,0.00,0.54,0.83,1.08,1.32,1.54,1.75,1.94,2.13,2.32,2.50,2.67,2.85,3.02,3.19,3.35,3.52,3.69,3.86
Gillaspie, Conor,543216,SF,137,3B,29,L,0.00,0.53,0.82,1.09,1.34,1.57,1.80,2.01,2.21,2.41,2.60,2.80,2.99,3.17,3.36,3.55,3.74,3.95,4.16
Gimenez, Chris,460269,MIN,142,C,34,R,0.00,0.57,0.89,1.17,1.43,1.68,1.90,2.12,2.33,2.54,2.74,2.94,3.14,3.33,3.53,3.73,3.93,4.14,4.35
Goins, Ryan,572365,TOR,141,SS,29,L,0.00,0.53,0.82,1.09,1.34,1.57,1.79,2.00,2.20,2.39,2.58,2.76,2.95,3.13,3.31,3.49,3.67,3.86,4.05
Goldschmidt, Paul,502671,AZ,109,1B,29,R,0.00,0.55,0.85,1.11,1.35,1.58,1.80,2.00,2.20,2.40,2.58,2.77,2.95,3.14,3.32,3.50,3.68,3.87,4.08
Gomes, Yan,543228,CLE,114,C,29,R,0.00,0.55,0.86,1.13,1.39,1.62,1.84,2.05,2.25,2.45,2.64,2.83,3.02,3.20,3.39,3.57,3.75,3.94,4.13
Gonzalez, Marwin,503556,HOU,117,LF,28,L,0.00,0.53,0.81,1.08,1.32,1.55,1.76,1.97,2.17,2.36,2.55,2.73,2.91,3.09,3.27,3.45,3.63,3.82,4.02
Gonzalez, Marwin,503556,HOU,117,LF,28,R,0.00,0.55,0.85,1.12,1.37,1.60,1.82,2.02,2.22,2.42,2.60,2.79,2.98,3.16,3.34,3.52,3.70,3.88,4.07
González, Adrián,408236,LAD,119,1B,35,L,0.00,0.55,0.87,1.17,1.44,1.69,1.93,2.16,2.38,2.59,2.80,3.01,3.21,3.42,3.63,3.83,4.05,4.27,4.50
González, Carlos,471865,COL,115,RF,31,L,0.00,0.53,0.82,1.07,1.32,1.54,1.76,1.96,2.15,2.34,2.53,2.72,2.90,3.08,3.26,3.44,3.62,3.80,3.99
González, Erik,570481,CLE,114,2B,25,R,0.00,0.55,0.84,1.10,1.34,1.57,1.78,1.98,2.18,2.36,2.55,2.73,2.91,3.08,3.25,3.42,3.59,3.77,3.95
Goodwin, Brian,571718,WSH,120,CF,26,L,0.00,0.52,0.80,1.05,1.28,1.50,1.70,1.90,2.08,2.27,2.45,2.62,2.80,2.97,3.14,3.31,3.49,3.67,3.85
Gordon, Alex,460086,KC,118,LF,33,L,0.00,0.53,0.83,1.10,1.35,1.59,1.81,2.02,2.22,2.42,2.61,2.81,3.00,3.19,3.37,3.56,3.74,3.94,4.15
Gosselin, Phil,594838,TEX,140,2B,28,R,0.00,0.54,0.81,1.05,1.29,1.51,1.72,1.92,2.11,2.30,2.47,2.65,2.83,3.01,3.18,3.35,3.52,3.69,3.86
Grandal, Yasmani,518735,LAD,119,C,28,L,0.00,0.54,0.86,1.15,1.42,1.67,1.91,2.13,2.35,2.57,2.78,2.99,3.19,3.40,3.60,3.81,4.01,4.23,4.45
Grandal, Yasmani,518735,LAD,119,C,28,R,0.00,0.56,0.89,1.19,1.46,1.72,1.95,2.18,2.41,2.62,2.83,3.04,3.25,3.45,3.66,3.87,4.08,4.30,4.52
Granderson, Curtis,434158,LAD,119,CF,36,L,0.00,0.52,0.80,1.05,1.29,1.52,1.73,1.93,2.13,2.31,2.50,2.68,2.87,3.05,3.23,3.41,3.59,3.77,3.97
Granite, Zack,643335,MIN,142,CF,24,L,0.00,0.55,0.84,1.10,1.33,1.55,1.76,1.95,2.14,2.32,2.50,2.67,2.84,3.01,3.18,3.34,3.51,3.68,3.85
Graterol, Juan,492802,LAA,108,C,28,R,0.00,0.55,0.89,1.19,1.48,1.73,1.98,2.22,2.44,2.67,2.89,3.10,3.32,3.53,3.75,3.97,4.19,4.41,4.66
Gregorius, Didi,544369,NYY,147,SS,27,L,0.00,0.53,0.82,1.07,1.32,1.54,1.75,1.96,2.15,2.34,2.52,2.70,2.88,3.05,3.23,3.40,3.58,3.76,3.95
Grichuk, Randal,545341,STL,138,RF,25,R,0.00,0.53,0.81,1.07,1.30,1.53,1.74,1.94,2.13,2.32,2.50,2.68,2.86,3.03,3.20,3.37,3.55,3.72,3.90
Grossman, Robbie,543257,MIN,142,DH,27,L,0.00,0.51,0.79,1.04,1.28,1.51,1.72,1.92,2.11,2.30,2.49,2.67,2.85,3.03,3.20,3.38,3.56,3.74,3.92
Grossman, Robbie,543257,MIN,142,DH,27,R,0.00,0.53,0.81,1.07,1.31,1.54,1.75,1.95,2.14,2.33,2.52,2.70,2.88,3.06,3.23,3.41,3.58,3.75,3.93
Gurriel, Yuli,493329,HOU,117,1B,33,R,0.00,0.54,0.84,1.11,1.36,1.59,1.80,2.01,2.21,2.40,2.59,2.77,2.96,3.14,3.32,3.50,3.68,3.86,4.05
Gutierrez, Franklin,429711,LAD,119,LF,34,R,0.00,0.52,0.83,1.11,1.36,1.61,1.83,2.05,2.27,2.47,2.68,2.88,3.08,3.28,3.49,3.70,3.91,4.13,4.36
Guyer, Brandon,446386,CLE,114,RF,31,R,0.00,0.55,0.85,1.11,1.36,1.58,1.80,2.00,2.20,2.39,2.58,2.76,2.94,3.12,3.29,3.47,3.64,3.82,4.01
Gyorko, Jedd,576397,STL,138,3B,28,R,0.00,0.55,0.85,1.12,1.38,1.62,1.84,2.05,2.26,2.46,2.66,2.86,3.06,3.25,3.44,3.64,3.83,4.04,4.25
Gómez, Carlos,460576,TEX,140,CF,31,R,0.00,0.53,0.82,1.08,1.32,1.55,1.76,1.96,2.15,2.33,2.51,2.69,2.87,3.04,3.21,3.38,3.55,3.72,3.90
Hamilton, Billy,571740,CIN,113,CF,26,L,0.00,0.52,0.79,1.04,1.26,1.47,1.67,1.86,2.04,2.22,2.39,2.56,2.73,2.90,3.06,3.22,3.38,3.54,3.71
Hamilton, Billy,571740,CIN,113,CF,26,R,0.00,0.54,0.81,1.05,1.28,1.49,1.69,1.88,2.06,2.24,2.41,2.58,2.75,2.91,3.08,3.24,3.40,3.56,3.73
Hanigan, Ryan,452672,COL,115,C,36,R,0.00,0.56,0.88,1.16,1.43,1.67,1.90,2.12,2.33,2.54,2.74,2.94,3.14,3.34,3.53,3.72,3.92,4.12,4.33
Haniger, Mitch,571745,SEA,136,RF,26,R,0.00,0.55,0.84,1.10,1.35,1.57,1.79,1.99,2.19,2.38,2.56,2.75,2.93,3.10,3.28,3.46,3.63,3.81,3.99
Hanson, Alen,593700,CWS,145,2B,24,L,0.00,0.53,0.81,1.06,1.29,1.50,1.71,1.90,2.08,2.26,2.44,2.61,2.78,2.95,3.11,3.28,3.44,3.61,3.78
Hanson, Alen,593700,CWS,145,2B,24,R,0.00,0.54,0.83,1.09,1.32,1.54,1.75,1.94,2.13,2.31,2.49,2.66,2.83,3.00,3.16,3.32,3.49,3.65,3.81
Happ, Ian,664023,CHC,112,CF,22,L,0.00,0.54,0.83,1.09,1.32,1.54,1.75,1.95,2.14,2.32,2.50,2.68,2.85,3.02,3.19,3.36,3.53,3.70,3.88
Happ, Ian,664023,CHC,112,CF,22,R,0.00,0.54,0.83,1.09,1.33,1.55,1.76,1.96,2.15,2.33,2.51,2.69,2.87,3.04,3.21,3.38,3.55,3.73,3.91
Hardy, J.J.,429666,BAL,110,SS,34,R,0.00,0.54,0.85,1.12,1.38,1.61,1.83,2.04,2.25,2.45,2.64,2.83,3.02,3.21,3.39,3.58,3.77,3.96,4.15
Harper, Bryce,547180,WSH,120,RF,24,L,0.00,0.55,0.84,1.10,1.34,1.56,1.77,1.97,2.16,2.35,2.53,2.71,2.89,3.07,3.24,3.41,3.59,3.77,3.95
Harrison, Josh,543281,PIT,134,2B,29,R,0.00,0.53,0.82,1.08,1.32,1.54,1.76,1.96,2.15,2.34,2.52,2.71,2.89,3.06,3.24,3.42,3.59,3.77,3.97
Hays, Austin,669720,BAL,110,RF,21,R,0.00,0.54,0.84,1.10,1.33,1.56,1.77,1.97,2.16,2.35,2.53,2.71,2.88,3.06,3.23,3.40,3.57,3.74,3.92
Headley, Chase,452104,NYY,147,3B,33,R,0.00,0.54,0.84,1.11,1.36,1.60,1.82,2.04,2.24,2.45,2.64,2.84,3.03,3.23,3.42,3.61,3.80,4.00,4.21
Headley, Chase,452104,NYY,147,3B,33,L,0.00,0.53,0.82,1.10,1.35,1.59,1.81,2.03,2.24,2.44,2.65,2.85,3.04,3.24,3.44,3.63,3.84,4.05,4.27
Healy, Ryon,592387,OAK,133,DH,25,R,0.00,0.56,0.86,1.14,1.39,1.63,1.86,2.07,2.27,2.47,2.67,2.86,3.04,3.23,3.41,3.59,3.78,3.96,4.15
Hechavarria, Adeiny,588751,TB,139,SS,28,R,0.00,0.54,0.82,1.07,1.31,1.53,1.73,1.93,2.12,2.31,2.49,2.66,2.84,3.01,3.18,3.36,3.53,3.71,3.90
Hedges, Austin,595978,SD,135,C,24,R,0.00,0.54,0.84,1.11,1.36,1.60,1.82,2.03,2.23,2.43,2.62,2.81,3.00,3.19,3.37,3.55,3.74,3.92,4.11
Heisey, Chris,502317,WSH,120,LF,32,R,0.00,0.53,0.83,1.09,1.33,1.56,1.77,1.97,2.17,2.36,2.54,2.72,2.90,3.08,3.25,3.43,3.60,3.77,3.95
Heredia, Guillermo,628338,SEA,136,LF,26,R,0.00,0.56,0.86,1.12,1.36,1.58,1.79,1.99,2.18,2.37,2.55,2.73,2.91,3.09,3.26,3.43,3.60,3.77,3.95
Hernández, César,514917,PHI,143,2B,27,L,0.00,0.54,0.82,1.07,1.29,1.51,1.71,1.90,2.08,2.26,2.43,2.60,2.77,2.93,3.10,3.26,3.42,3.59,3.77
Hernández, César,514917,PHI,143,2B,27,R,0.00,0.54,0.84,1.09,1.33,1.54,1.74,1.94,2.12,2.30,2.48,2.65,2.82,2.98,3.15,3.31,3.47,3.63,3.80
Hernández, Enrique,571771,LAD,119,LF,25,R,0.00,0.55,0.86,1.13,1.38,1.61,1.83,2.04,2.24,2.43,2.62,2.81,2.99,3.18,3.36,3.54,3.72,3.90,4.09
Hernández, Gorkys,491676,SF,137,CF,29,R,0.00,0.54,0.82,1.08,1.31,1.53,1.74,1.94,2.13,2.31,2.49,2.66,2.84,3.01,3.18,3.34,3.51,3.68,3.85
Hernández, Marco,593523,BOS,111,3B,24,L,0.00,0.54,0.83,1.09,1.33,1.55,1.75,1.95,2.14,2.32,2.50,2.67,2.84,3.01,3.18,3.35,3.52,3.69,3.87
Hernández, Teoscar,606192,TOR,141,LF,24,R,0.00,0.59,0.89,1.15,1.38,1.60,1.81,2.01,2.20,2.38,2.56,2.73,2.91,3.08,3.25,3.41,3.58,3.75,3.92
Herrera, Odúbel,546318,PHI,143,CF,25,L,0.00,0.54,0.83,1.09,1.33,1.55,1.76,1.96,2.15,2.33,2.51,2.69,2.87,3.04,3.22,3.39,3.57,3.75,3.94
Herrmann, Chris,543302,AZ,109,C,29,L,0.00,0.54,0.84,1.10,1.34,1.56,1.78,1.98,2.17,2.36,2.54,2.73,2.90,3.08,3.26,3.43,3.61,3.79,3.98
Heyward, Jason,518792,CHC,112,RF,27,L,0.00,0.53,0.82,1.07,1.31,1.54,1.75,1.95,2.14,2.33,2.52,2.70,2.88,3.05,3.23,3.40,3.58,3.77,3.97
Hicks, Aaron,543305,NYY,147,CF,27,L,0.00,0.53,0.82,1.07,1.31,1.53,1.74,1.94,2.13,2.31,2.49,2.66,2.84,3.01,3.18,3.35,3.52,3.69,3.88
Hicks, Aaron,543305,NYY,147,CF,27,R,0.00,0.55,0.84,1.10,1.34,1.56,1.77,1.97,2.16,2.35,2.53,2.71,2.88,3.05,3.22,3.39,3.56,3.73,3.91
Hicks, John,543308,DET,116,1B,27,R,0.00,0.55,0.85,1.12,1.36,1.59,1.81,2.02,2.21,2.40,2.59,2.78,2.96,3.14,3.32,3.49,3.67,3.85,4.04
Hill, Aaron,431094,SF,137,2B,35,R,0.00,0.56,0.87,1.14,1.39,1.62,1.84,2.04,2.24,2.44,2.63,2.81,2.99,3.17,3.35,3.53,3.71,3.89,4.07
Holliday, Matt,407812,NYY,147,DH,37,R,0.00,0.56,0.88,1.16,1.41,1.65,1.87,2.09,2.29,2.49,2.69,2.88,3.07,3.26,3.45,3.63,3.82,4.01,4.21
Holt, Brock,571788,BOS,111,2B,29,L,0.00,0.55,0.85,1.11,1.36,1.59,1.80,2.01,2.20,2.39,2.58,2.76,2.94,3.12,3.30,3.48,3.65,3.84,4.03
Hoskins, Rhys,656555,PHI,143,LF,24,R,0.00,0.55,0.86,1.14,1.40,1.64,1.86,2.08,2.28,2.48,2.68,2.87,3.07,3.25,3.44,3.63,3.81,4.00,4.20
Hosmer, Eric,543333,KC,118,1B,27,L,0.00,0.55,0.87,1.14,1.39,1.63,1.84,2.05,2.25,2.45,2.63,2.82,3.01,3.19,3.37,3.55,3.73,3.92,4.12
Hoying, Jared,592419,TEX,140,CF,28,L,0.00,0.54,0.82,1.07,1.30,1.51,1.71,1.91,2.09,2.27,2.45,2.62,2.79,2.96,3.13,3.29,3.46,3.63,3.80
Hundley, Nick,460026,SF,137,C,33,R,0.00,0.55,0.85,1.13,1.38,1.62,1.84,2.06,2.26,2.46,2.66,2.85,3.04,3.23,3.42,3.61,3.80,3.99,4.19
Hwang, Jae-Gyun,666561,SF,137,3B,29,R,0.00,0.56,0.86,1.12,1.37,1.60,1.81,2.01,2.21,2.39,2.58,2.76,2.94,3.11,3.29,3.46,3.63,3.79,3.97
Iannetta, Chris,455104,AZ,109,C,34,R,0.00,0.57,0.89,1.18,1.44,1.68,1.91,2.12,2.34,2.54,2.74,2.94,3.13,3.33,3.52,3.71,3.89,4.09,4.28
Iglesias, José,578428,DET,116,SS,27,R,0.00,0.54,0.83,1.09,1.33,1.55,1.76,1.96,2.15,2.34,2.52,2.70,2.88,3.06,3.23,3.40,3.58,3.76,3.94
Inciarte, Ender,542255,ATL,144,CF,26,L,0.00,0.55,0.84,1.09,1.32,1.55,1.76,1.96,2.15,2.34,2.52,2.70,2.87,3.05,3.23,3.40,3.58,3.76,3.95
Jackson, Austin,457706,CLE,114,CF,30,R,0.00,0.53,0.82,1.08,1.32,1.55,1.76,1.96,2.15,2.34,2.53,2.71,2.89,3.06,3.24,3.41,3.59,3.77,3.96
Jaso, John,444379,PIT,134,RF,33,L,0.00,0.54,0.84,1.10,1.35,1.58,1.80,2.00,2.20,2.40,2.59,2.78,2.97,3.15,3.33,3.52,3.70,3.89,4.09
Jay, Jon,445055,CHC,112,CF,32,L,0.00,0.55,0.85,1.12,1.37,1.60,1.82,2.03,2.23,2.42,2.62,2.81,2.99,3.18,3.36,3.55,3.73,3.92,4.12
Jones, Adam,430945,BAL,110,CF,31,R,0.00,0.55,0.86,1.14,1.39,1.62,1.84,2.05,2.25,2.45,2.64,2.82,3.01,3.19,3.37,3.55,3.73,3.92,4.11
Jones, JaCoby,592444,DET,116,CF,25,R,0.00,0.54,0.85,1.11,1.35,1.58,1.79,1.98,2.17,2.36,2.54,2.72,2.89,3.06,3.23,3.40,3.57,3.73,3.91
Jones, Ryder,624507,SF,137,1B,23,L,0.00,0.52,0.81,1.06,1.30,1.53,1.74,1.95,2.14,2.33,2.52,2.70,2.88,3.06,3.24,3.42,3.60,3.79,3.98
Joseph, Caleb,543376,BAL,110,C,31,R,0.00,0.55,0.87,1.15,1.41,1.65,1.87,2.09,2.30,2.50,2.70,2.90,3.09,3.28,3.48,3.67,3.86,4.06,4.27
Joseph, Tommy,571830,PHI,143,1B,25,R,0.00,0.55,0.88,1.17,1.44,1.69,1.92,2.14,2.36,2.57,2.77,2.97,3.17,3.37,3.56,3.76,3.95,4.15,4.36
Joyce, Matt,459964,OAK,133,RF,32,L,0.00,0.53,0.81,1.07,1.32,1.55,1.77,1.98,2.18,2.38,2.57,2.75,2.94,3.13,3.31,3.50,3.68,3.88,4.08
Judge, Aaron,592450,NYY,147,RF,25,R,0.00,0.55,0.85,1.11,1.35,1.58,1.79,1.99,2.19,2.37,2.56,2.74,2.92,3.10,3.27,3.44,3.62,3.80,3.98
Kelly, Carson,608348,STL,138,C,22,R,0.00,0.56,0.88,1.16,1.42,1.66,1.88,2.09,2.30,2.50,2.69,2.89,3.08,3.27,3.46,3.65,3.84,4.03,4.23
Kelly, Ty,571841,PHI,143,,28,L,0.00,0.53,0.81,1.07,1.30,1.53,1.74,1.93,2.12,2.31,2.49,2.67,2.84,3.02,3.18,3.35,3.52,3.70,3.88
Kemp, Matt,461314,ATL,144,LF,32,R,0.00,0.56,0.88,1.17,1.43,1.67,1.90,2.12,2.33,2.53,2.73,2.93,3.12,3.31,3.51,3.70,3.89,4.08,4.28
Kendrick, Howie,435062,WSH,120,LF,33,R,0.00,0.54,0.83,1.10,1.35,1.58,1.80,2.00,2.20,2.40,2.59,2.78,2.96,3.14,3.33,3.51,3.69,3.87,4.06
Kepler, Max,596146,MIN,142,RF,24,L,0.00,0.53,0.81,1.06,1.30,1.52,1.73,1.93,2.12,2.30,2.48,2.66,2.83,3.01,3.18,3.35,3.52,3.70,3.88
Kiermaier, Kevin,595281,TB,139,CF,27,L,0.00,0.54,0.83,1.08,1.31,1.52,1.73,1.92,2.11,2.29,2.46,2.63,2.80,2.97,3.14,3.31,3.47,3.64,3.82
Kim, Hyun Soo,547957,PHI,143,LF,29,L,0.00,0.55,0.87,1.14,1.39,1.62,1.84,2.06,2.26,2.45,2.65,2.84,3.03,3.21,3.40,3.58,3.76,3.95,4.15
Kinsler, Ian,435079,DET,116,2B,35,R,0.00,0.56,0.86,1.14,1.39,1.62,1.84,2.05,2.25,2.44,2.63,2.82,3.01,3.19,3.37,3.55,3.73,3.92,4.11
Kipnis, Jason,543401,CLE,114,2B,30,L,0.00,0.54,0.84,1.11,1.36,1.59,1.80,2.01,2.20,2.40,2.58,2.77,2.95,3.13,3.31,3.48,3.66,3.84,4.03
Kivlehan, Patrick,623182,CIN,113,RF,27,R,0.00,0.53,0.83,1.09,1.33,1.56,1.77,1.97,2.16,2.35,2.53,2.71,2.89,3.06,3.24,3.41,3.58,3.75,3.93
Knapp, Andrew,595284,PHI,143,C,25,L,0.00,0.54,0.84,1.11,1.35,1.59,1.80,2.01,2.21,2.40,2.59,2.78,2.96,3.14,3.32,3.50,3.68,3.86,4.05
La Stella, Tommy,600303,CHC,112,2B,28,L,0.00,0.53,0.82,1.08,1.32,1.55,1.77,1.97,2.17,2.37,2.56,2.75,2.94,3.12,3.30,3.49,3.67,3.87,4.07
Lagares, Juan,501571,NYM,121,CF,28,R,0.00,0.54,0.84,1.10,1.34,1.56,1.77,1.97,2.16,2.35,2.53,2.71,2.88,3.06,3.23,3.40,3.57,3.74,3.92
Lamb, Jake,571875,AZ,109,3B,26,L,0.00,0.54,0.84,1.10,1.35,1.59,1.81,2.02,2.22,2.41,2.60,2.79,2.98,3.16,3.34,3.52,3.70,3.89,4.09
LeMahieu, DJ,518934,COL,115,2B,28,R,0.00,0.54,0.84,1.10,1.35,1.58,1.79,2.00,2.19,2.39,2.57,2.76,2.94,3.12,3.29,3.47,3.65,3.83,4.02
Leon, Sandy,506702,BOS,111,C,28,R,0.00,0.59,0.93,1.23,1.50,1.75,1.99,2.21,2.43,2.65,2.85,3.06,3.27,3.47,3.68,3.88,4.08,4.29,4.51
Leon, Sandy,506702,BOS,111,C,28,L,0.00,0.55,0.88,1.17,1.44,1.69,1.92,2.15,2.36,2.57,2.78,2.98,3.19,3.39,3.59,3.79,4.00,4.22,4.45
Lin, Tzu-Wei,624407,BOS,111,SS,23,L,0.00,0.54,0.81,1.06,1.29,1.51,1.72,1.91,2.10,2.28,2.45,2.63,2.80,2.97,3.14,3.31,3.48,3.66,3.84
Lind, Adam,452252,WSH,120,1B,33,L,0.00,0.53,0.83,1.11,1.37,1.61,1.83,2.04,2.25,2.45,2.65,2.85,3.04,3.23,3.42,3.61,3.81,4.02,4.23
Lindor, Francisco,596019,CLE,114,SS,23,R,0.00,0.55,0.84,1.10,1.34,1.56,1.77,1.97,2.17,2.35,2.53,2.72,2.89,3.07,3.24,3.41,3.58,3.75,3.93
Lindor, Francisco,596019,CLE,114,SS,23,L,0.00,0.52,0.80,1.05,1.29,1.51,1.72,1.92,2.11,2.29,2.48,2.65,2.83,3.01,3.18,3.35,3.53,3.71,3.89
Liriano, Rymer,542642,CWS,145,LF,26,R,0.00,0.55,0.85,1.11,1.35,1.58,1.79,2.00,2.19,2.38,2.56,2.74,2.92,3.09,3.26,3.43,3.60,3.77,3.95
Lobaton, Jose,446653,WSH,120,C,32,L,0.00,0.55,0.87,1.15,1.41,1.65,1.88,2.10,2.31,2.52,2.73,2.93,3.13,3.33,3.53,3.73,3.94,4.16,4.39
Longoria, Evan,446334,TB,139,3B,31,R,0.00,0.55,0.86,1.12,1.36,1.59,1.81,2.01,2.21,2.40,2.59,2.77,2.95,3.13,3.31,3.49,3.67,3.85,4.03
Lowrie, Jed,476704,OAK,133,2B,33,R,0.00,0.55,0.84,1.10,1.35,1.58,1.80,2.01,2.20,2.40,2.59,2.77,2.95,3.14,3.32,3.49,3.67,3.85,4.03
Lowrie, Jed,476704,OAK,133,2B,33,L,0.00,0.53,0.82,1.09,1.34,1.57,1.79,1.99,2.19,2.38,2.57,2.76,2.94,3.13,3.31,3.50,3.69,3.88,4.09
Lucroy, Jonathan,518960,COL,115,C,31,R,0.00,0.56,0.88,1.16,1.42,1.66,1.89,2.10,2.31,2.52,2.71,2.91,3.11,3.30,3.49,3.68,3.88,4.07,4.28
Luplow, Jordan,656669,PIT,134,RF,23,R,0.00,0.55,0.84,1.11,1.35,1.58,1.80,2.00,2.20,2.39,2.57,2.76,2.94,3.12,3.29,3.46,3.63,3.80,3.98
Machado, Dixon,553988,DET,116,SS,25,R,0.00,0.54,0.83,1.10,1.34,1.57,1.78,1.99,2.18,2.37,2.56,2.74,2.92,3.10,3.27,3.45,3.62,3.80,3.99
Machado, Manny,592518,BAL,110,3B,24,R,0.00,0.55,0.85,1.13,1.38,1.61,1.83,2.04,2.24,2.43,2.62,2.81,2.99,3.18,3.36,3.54,3.72,3.90,4.09
Mahtook, Mikie,543484,DET,116,CF,27,R,0.00,0.55,0.84,1.09,1.33,1.56,1.77,1.96,2.15,2.34,2.52,2.69,2.87,3.04,3.21,3.37,3.54,3.71,3.88
Maile, Luke,571912,TOR,141,C,26,R,0.00,0.55,0.86,1.13,1.38,1.61,1.83,2.04,2.24,2.44,2.63,2.82,3.01,3.20,3.39,3.57,3.76,3.95,4.15
Maldonado, Martín,455117,LAA,108,C,30,R,0.00,0.56,0.88,1.16,1.43,1.67,1.91,2.13,2.34,2.55,2.75,2.95,3.15,3.35,3.54,3.74,3.94,4.14,4.37
Mancini, Trey,641820,BAL,110,LF,25,R,0.00,0.56,0.87,1.14,1.39,1.62,1.84,2.04,2.24,2.44,2.63,2.81,3.00,3.18,3.36,3.54,3.71,3.89,4.08
Margot, Manuel,622534,SD,135,CF,22,R,0.00,0.54,0.82,1.07,1.30,1.52,1.72,1.92,2.10,2.28,2.46,2.63,2.80,2.97,3.14,3.30,3.46,3.63,3.80
Marisnick, Jake,545350,HOU,117,CF,26,R,0.00,0.52,0.80,1.06,1.29,1.52,1.72,1.92,2.11,2.29,2.47,2.65,2.82,2.99,3.16,3.33,3.50,3.67,3.85
Markakis, Nick,455976,ATL,144,RF,33,L,0.00,0.53,0.82,1.09,1.34,1.58,1.80,2.01,2.22,2.41,2.61,2.80,2.99,3.18,3.36,3.55,3.74,3.93,4.13
Marrero, Deven,571918,BOS,111,3B,26,R,0.00,0.54,0.85,1.12,1.37,1.60,1.81,2.01,2.21,2.40,2.59,2.78,2.96,3.14,3.32,3.50,3.68,3.87,4.06
Marte, Jefry,527043,LAA,108,1B,26,R,0.00,0.54,0.84,1.11,1.35,1.58,1.79,2.00,2.19,2.38,2.56,2.74,2.92,3.09,3.27,3.44,3.61,3.78,3.96
Marte, Ketel,606466,AZ,109,SS,23,L,0.00,0.53,0.81,1.06,1.29,1.51,1.71,1.91,2.09,2.27,2.45,2.62,2.79,2.96,3.13,3.29,3.46,3.63,3.81
Marte, Ketel,606466,AZ,109,SS,23,R,0.00,0.55,0.85,1.11,1.35,1.57,1.78,1.97,2.16,2.34,2.52,2.70,2.87,3.05,3.22,3.38,3.55,3.72,3.89
Marte, Starling,516782,PIT,134,LF,28,R,0.00,0.56,0.85,1.10,1.33,1.55,1.75,1.95,2.13,2.31,2.49,2.66,2.83,3.00,3.17,3.34,3.50,3.67,3.84
Martin, Leonys,547982,CHC,112,CF,29,L,0.00,0.53,0.81,1.07,1.31,1.53,1.74,1.94,2.13,2.32,2.50,2.68,2.86,3.03,3.20,3.37,3.55,3.72,3.91
Martin, Russell,431145,TOR,141,C,34,R,0.00,0.55,0.87,1.16,1.42,1.66,1.89,2.11,2.32,2.52,2.72,2.91,3.11,3.30,3.48,3.67,3.86,4.05,4.25
Martinez, J.D.,502110,AZ,109,RF,29,R,0.00,0.55,0.86,1.12,1.37,1.59,1.81,2.01,2.21,2.40,2.59,2.77,2.96,3.14,3.32,3.50,3.67,3.85,4.03
Martinez, Victor,400121,DET,116,DH,38,R,0.00,0.55,0.86,1.15,1.42,1.67,1.90,2.12,2.34,2.55,2.76,2.96,3.17,3.37,3.57,3.77,3.97,4.17,4.39
Martinez, Victor,400121,DET,116,DH,38,L,0.00,0.54,0.87,1.17,1.44,1.69,1.92,2.15,2.37,2.58,2.79,3.00,3.21,3.41,3.62,3.83,4.04,4.27,4.51
Martínez, José,500874,STL,138,1B,28,R,0.00,0.55,0.85,1.12,1.36,1.58,1.80,2.00,2.20,2.39,2.57,2.75,2.93,3.11,3.29,3.46,3.63,3.81,3.99
Mathis, Jeff,425772,AZ,109,C,34,R,0.00,0.55,0.87,1.14,1.40,1.64,1.87,2.08,2.29,2.50,2.70,2.89,3.09,3.28,3.47,3.66,3.85,4.04,4.24
Mauer, Joe,408045,MIN,142,1B,34,L,0.00,0.53,0.83,1.10,1.36,1.59,1.82,2.03,2.23,2.43,2.63,2.83,3.02,3.21,3.39,3.58,3.77,3.97,4.18
Maxwell, Bruce,622194,OAK,133,C,26,L,0.00,0.52,0.82,1.11,1.38,1.62,1.86,2.08,2.29,2.50,2.71,2.91,3.11,3.31,3.51,3.72,3.92,4.14,4.38
Maybin, Cameron,457727,HOU,117,CF,30,R,0.00,0.54,0.82,1.07,1.31,1.53,1.74,1.93,2.12,2.30,2.48,2.66,2.83,3.01,3.18,3.34,3.51,3.68,3.86
Mazara, Nomar,608577,TEX,140,RF,22,L,0.00,0.54,0.84,1.11,1.35,1.58,1.80,2.00,2.20,2.39,2.58,2.77,2.95,3.13,3.31,3.49,3.67,3.86,4.06
McCann, Brian,435263,HOU,117,C,33,L,0.00,0.55,0.88,1.18,1.46,1.72,1.96,2.19,2.42,2.64,2.86,3.08,3.29,3.51,3.72,3.94,4.16,4.40,4.64
McCann, James,543510,DET,116,C,27,R,0.00,0.56,0.87,1.15,1.40,1.64,1.86,2.07,2.27,2.46,2.66,2.84,3.03,3.21,3.39,3.57,3.75,3.93,4.12
McCutchen, Andrew,457705,PIT,134,CF,30,R,0.00,0.54,0.83,1.09,1.33,1.56,1.77,1.97,2.16,2.34,2.52,2.70,2.87,3.05,3.22,3.38,3.55,3.72,3.89
Mejia, Alex,622270,STL,138,3B,26,R,0.00,0.54,0.85,1.12,1.37,1.60,1.82,2.03,2.23,2.43,2.62,2.81,2.99,3.17,3.36,3.53,3.71,3.90,4.09
Mercer, Jordy,474568,PIT,134,SS,30,R,0.00,0.55,0.85,1.11,1.36,1.59,1.80,2.01,2.21,2.40,2.59,2.77,2.95,3.13,3.31,3.49,3.66,3.84,4.02
Merrifield, Whit,593160,KC,118,2B,28,R,0.00,0.55,0.85,1.11,1.35,1.57,1.78,1.97,2.17,2.35,2.53,2.71,2.88,3.05,3.22,3.39,3.55,3.72,3.89
Mesoraco, Devin,519023,CIN,113,C,29,R,0.00,0.56,0.87,1.15,1.41,1.65,1.87,2.08,2.29,2.49,2.69,2.88,3.07,3.26,3.45,3.64,3.82,4.01,4.21
Miller, Brad,543543,TB,139,2B,27,L,0.00,0.54,0.84,1.10,1.34,1.57,1.78,1.99,2.18,2.37,2.55,2.73,2.91,3.09,3.26,3.44,3.61,3.79,3.97
Molina, Yadier,425877,STL,138,C,34,R,0.00,0.57,0.91,1.20,1.48,1.73,1.98,2.20,2.43,2.64,2.86,3.06,3.27,3.48,3.68,3.88,4.09,4.29,4.51
Moncada, Yoán,660162,CWS,145,2B,22,L,0.00,0.53,0.81,1.06,1.30,1.52,1.72,1.91,2.10,2.28,2.45,2.63,2.80,2.97,3.14,3.31,3.48,3.66,3.84
Moncada, Yoán,660162,CWS,145,2B,22,R,0.00,0.55,0.84,1.10,1.33,1.55,1.75,1.94,2.13,2.31,2.48,2.65,2.82,2.99,3.16,3.32,3.48,3.65,3.82
Montero, Miguel,471083,TOR,141,C,33,L,0.00,0.54,0.85,1.14,1.41,1.66,1.90,2.12,2.34,2.55,2.76,2.97,3.17,3.38,3.58,3.79,4.01,4.24,4.48
Moore, Tyler,489138,MIA,146,1B,30,R,0.00,0.55,0.86,1.13,1.38,1.62,1.84,2.05,2.25,2.45,2.65,2.84,3.03,3.21,3.40,3.59,3.77,3.96,4.16
Morales, Kendrys,434778,TOR,141,DH,34,L,0.00,0.57,0.90,1.19,1.46,1.71,1.94,2.17,2.38,2.59,2.80,3.01,3.22,3.42,3.63,3.83,4.04,4.26,4.48
Morales, Kendrys,434778,TOR,141,DH,34,R,0.00,0.58,0.92,1.21,1.49,1.74,1.97,2.20,2.41,2.63,2.84,3.04,3.25,3.45,3.65,3.85,4.06,4.26,4.48
Moreland, Mitch,519048,BOS,111,1B,31,L,0.00,0.55,0.86,1.13,1.39,1.62,1.84,2.06,2.26,2.46,2.65,2.85,3.04,3.23,3.41,3.60,3.78,3.97,4.16
Moroff, Max,621559,PIT,134,2B,24,L,0.00,0.53,0.82,1.07,1.31,1.53,1.73,1.93,2.12,2.30,2.48,2.66,2.83,3.00,3.17,3.34,3.51,3.69,3.87
Morrison, Logan,489149,TB,139,1B,29,L,0.00,0.53,0.83,1.09,1.34,1.57,1.79,2.00,2.20,2.39,2.58,2.77,2.96,3.14,3.32,3.50,3.68,3.87,4.07
Moss, Brandon,461235,KC,118,DH,33,L,0.00,0.53,0.82,1.09,1.33,1.56,1.78,1.98,2.18,2.37,2.56,2.75,2.94,3.12,3.30,3.49,3.67,3.86,4.06
Motter, Taylor,600301,SEA,136,SS,27,R,0.00,0.55,0.85,1.12,1.37,1.60,1.81,2.02,2.22,2.41,2.60,2.78,2.96,3.15,3.33,3.51,3.68,3.87,4.06
Moustakas, Mike,519058,KC,118,3B,28,L,0.00,0.54,0.86,1.15,1.42,1.67,1.90,2.12,2.33,2.54,2.74,2.94,3.14,3.34,3.54,3.74,3.95,4.17,4.41
Murphy, Daniel,502517,WSH,120,2B,32,L,0.00,0.55,0.87,1.15,1.40,1.63,1.85,2.05,2.25,2.45,2.64,2.83,3.01,3.19,3.38,3.56,3.74,3.93,4.12
Myers, Wil,571976,SD,135,1B,26,R,0.00,0.54,0.82,1.08,1.31,1.53,1.74,1.94,2.13,2.31,2.49,2.67,2.85,3.02,3.19,3.36,3.53,3.69,3.87
Napoli, Mike,435063,TEX,140,1B,35,R,0.00,0.56,0.88,1.16,1.42,1.66,1.88,2.10,2.31,2.51,2.71,2.91,3.11,3.30,3.49,3.69,3.88,4.08,4.28
Naquin, Tyler,571980,CLE,114,CF,26,L,0.00,0.52,0.80,1.06,1.31,1.53,1.74,1.95,2.14,2.33,2.52,2.70,2.88,3.06,3.24,3.42,3.60,3.78,3.97
Narváez, Omar,553882,CWS,145,C,25,L,0.00,0.53,0.84,1.12,1.38,1.62,1.84,2.06,2.27,2.47,2.67,2.87,3.06,3.25,3.45,3.64,3.85,4.06,4.29
Nava, Daniel,537953,PHI,143,LF,34,L,0.00,0.52,0.82,1.10,1.35,1.58,1.80,2.01,2.21,2.41,2.60,2.79,2.98,3.16,3.35,3.54,3.74,3.94,4.15
Nava, Daniel,537953,PHI,143,LF,34,R,0.00,0.57,0.89,1.16,1.41,1.65,1.87,2.08,2.29,2.49,2.68,2.87,3.06,3.25,3.44,3.63,3.81,4.01,4.20
Ngoepe, Gift,547912,PIT,134,2B,27,R,0.00,0.52,0.81,1.07,1.31,1.53,1.74,1.94,2.13,2.32,2.50,2.68,2.86,3.04,3.21,3.38,3.55,3.72,3.89
Nimmo, Brandon,607043,NYM,121,LF,24,L,0.00,0.53,0.81,1.06,1.29,1.51,1.72,1.92,2.11,2.29,2.47,2.64,2.82,2.99,3.16,3.33,3.50,3.67,3.85
Norris, Derek,519083,TB,139,C,28,R,0.00,0.54,0.86,1.13,1.39,1.62,1.84,2.05,2.25,2.45,2.64,2.83,3.01,3.20,3.38,3.56,3.73,3.92,4.10
Núñez, Eduardo,456488,BOS,111,3B,30,R,0.00,0.55,0.84,1.10,1.34,1.56,1.77,1.96,2.15,2.34,2.52,2.69,2.86,3.03,3.20,3.37,3.54,3.71,3.88
Odor, Rougned,596059,TEX,140,2B,23,L,0.00,0.52,0.81,1.06,1.29,1.51,1.72,1.92,2.10,2.29,2.47,2.65,2.82,2.99,3.16,3.33,3.50,3.68,3.86
Olson, Matt,621566,OAK,133,1B,23,L,0.00,0.56,0.88,1.16,1.43,1.68,1.91,2.14,2.36,2.57,2.78,2.98,3.19,3.39,3.59,3.79,4.00,4.22,4.44
Orlando, Paulo,449181,KC,118,RF,31,R,0.00,0.54,0.82,1.08,1.32,1.54,1.75,1.94,2.13,2.31,2.49,2.66,2.83,3.00,3.17,3.33,3.49,3.66,3.84
Osuna, José,591741,PIT,134,RF,24,R,0.00,0.55,0.86,1.13,1.38,1.61,1.83,2.03,2.23,2.42,2.61,2.80,2.98,3.16,3.34,3.52,3.69,3.87,4.06
Owings, Chris,572008,AZ,109,SS,25,R,0.00,0.55,0.84,1.10,1.34,1.56,1.77,1.97,2.16,2.35,2.53,2.71,2.89,3.06,3.24,3.41,3.58,3.76,3.94
Ozuna, Marcell,542303,MIA,146,LF,26,R,0.00,0.55,0.85,1.12,1.38,1.61,1.82,2.03,2.22,2.41,2.60,2.78,2.96,3.13,3.31,3.48,3.65,3.83,4.01
Panik, Joe,605412,SF,137,2B,26,L,0.00,0.54,0.83,1.09,1.34,1.57,1.79,1.99,2.19,2.39,2.58,2.77,2.96,3.14,3.32,3.51,3.69,3.88,4.08
Parker, Jarrett,592620,SF,137,LF,28,L,0.00,0.53,0.81,1.05,1.29,1.51,1.72,1.92,2.11,2.29,2.48,2.66,2.83,3.01,3.18,3.35,3.52,3.70,3.88
Parra, Gerardo,467827,COL,115,LF,30,L,0.00,0.55,0.85,1.12,1.37,1.60,1.81,2.02,2.22,2.41,2.60,2.79,2.98,3.16,3.34,3.52,3.71,3.91,4.11
Pearce, Steve,456665,TOR,141,LF,34,R,0.00,0.55,0.85,1.12,1.37,1.60,1.82,2.03,2.23,2.42,2.61,2.80,2.99,3.17,3.35,3.54,3.72,3.90,4.09
Pederson, Joc,592626,LAD,119,CF,25,L,0.00,0.56,0.86,1.12,1.37,1.60,1.82,2.02,2.22,2.41,2.60,2.79,2.97,3.16,3.34,3.52,3.70,3.88,4.07
Pedroia, Dustin,456030,BOS,111,2B,33,R,0.00,0.56,0.87,1.14,1.39,1.63,1.85,2.06,2.26,2.46,2.66,2.85,3.04,3.22,3.41,3.60,3.78,3.97,4.17
Pence, Hunter,452254,SF,137,RF,34,R,0.00,0.55,0.85,1.11,1.36,1.58,1.79,1.99,2.19,2.37,2.56,2.73,2.91,3.08,3.26,3.43,3.60,3.77,3.94
Pennington, Cliff,460060,LAA,108,2B,33,L,0.00,0.54,0.83,1.09,1.33,1.56,1.78,1.98,2.18,2.37,2.55,2.74,2.92,3.10,3.28,3.45,3.63,3.80,3.99
Pennington, Cliff,460060,LAA,108,2B,33,R,0.00,0.52,0.81,1.07,1.32,1.55,1.77,1.98,2.17,2.37,2.56,2.74,2.93,3.11,3.29,3.47,3.65,3.84,4.04
Peralta, David,444482,AZ,109,RF,29,L,0.00,0.53,0.82,1.09,1.34,1.57,1.78,1.99,2.18,2.37,2.56,2.74,2.92,3.10,3.28,3.45,3.63,3.82,4.02
Peralta, Jhonny,425509,STL,138,3B,35,R,0.00,0.55,0.89,1.18,1.44,1.68,1.90,2.12,2.32,2.52,2.72,2.91,3.11,3.29,3.48,3.67,3.85,4.05,4.25
Peraza, José,606299,CIN,113,2B,23,R,0.00,0.53,0.82,1.08,1.31,1.53,1.74,1.93,2.12,2.30,2.48,2.66,2.83,3.00,3.17,3.34,3.51,3.68,3.86
Perez, Roberto,547379,CLE,114,C,28,R,0.00,0.55,0.86,1.14,1.40,1.64,1.87,2.09,2.30,2.50,2.70,2.90,3.10,3.29,3.49,3.68,3.88,4.09,4.32
Perez, Salvador,521692,KC,118,C,27,R,0.00,0.54,0.85,1.13,1.39,1.64,1.87,2.08,2.29,2.50,2.70,2.89,3.09,3.28,3.47,3.66,3.85,4.04,4.24
Perkins, Cameron,573088,PHI,143,LF,26,R,0.00,0.54,0.83,1.10,1.34,1.57,1.78,1.98,2.18,2.37,2.55,2.73,2.91,3.09,3.27,3.44,3.61,3.79,3.96
Peterson, Jace,607054,ATL,144,LF,27,L,0.00,0.53,0.80,1.06,1.29,1.51,1.71,1.91,2.09,2.28,2.45,2.63,2.80,2.97,3.13,3.30,3.47,3.63,3.81
Peterson, Shane,451089,TB,139,LF,29,L,0.00,0.51,0.79,1.04,1.28,1.50,1.70,1.90,2.08,2.27,2.45,2.63,2.80,2.98,3.15,3.31,3.48,3.66,3.83
Pham, Tommy,502054,STL,138,LF,29,R,0.00,0.54,0.84,1.10,1.34,1.57,1.78,1.98,2.17,2.35,2.54,2.71,2.89,3.06,3.23,3.40,3.57,3.74,3.91
Phegley, Josh,572033,OAK,133,C,29,R,0.00,0.55,0.85,1.12,1.38,1.62,1.84,2.05,2.26,2.46,2.66,2.85,3.04,3.23,3.42,3.61,3.79,3.98,4.19
Phillips, Brandon,408252,LAA,108,2B,36,R,0.00,0.55,0.86,1.13,1.38,1.62,1.84,2.05,2.26,2.45,2.65,2.84,3.03,3.22,3.40,3.59,3.78,3.97,4.18
Phillips, Brett,621433,MIL,158,CF,23,L,0.00,0.54,0.82,1.06,1.29,1.51,1.71,1.90,2.08,2.26,2.44,2.61,2.78,2.95,3.12,3.28,3.45,3.62,3.79
Pillar, Kevin,607680,TOR,141,CF,28,R,0.00,0.55,0.86,1.13,1.38,1.61,1.83,2.03,2.23,2.41,2.60,2.78,2.96,3.13,3.31,3.48,3.65,3.83,4.01
Pinder, Chad,640461,OAK,133,RF,25,R,0.00,0.53,0.83,1.09,1.34,1.57,1.79,1.99,2.19,2.39,2.58,2.76,2.94,3.13,3.30,3.48,3.66,3.84,4.02
Pirela, José,517369,SD,135,LF,27,R,0.00,0.55,0.85,1.12,1.36,1.58,1.79,1.99,2.18,2.36,2.54,2.72,2.89,3.06,3.23,3.40,3.57,3.73,3.90
Piscotty, Stephen,572039,STL,138,RF,26,R,0.00,0.54,0.84,1.10,1.35,1.58,1.79,2.00,2.20,2.40,2.59,2.78,2.96,3.14,3.32,3.50,3.68,3.87,4.05
Piña, Manny,444489,MIL,158,C,30,R,0.00,0.56,0.88,1.17,1.43,1.66,1.89,2.11,2.32,2.52,2.72,2.92,3.11,3.30,3.49,3.68,3.87,4.07,4.27
Plawecki, Kevin,608700,NYM,121,C,26,R,0.00,0.54,0.85,1.12,1.37,1.61,1.83,2.04,2.24,2.44,2.63,2.82,3.01,3.20,3.38,3.56,3.75,3.94,4.14
Plouffe, Trevor,461858,TB,139,3B,31,R,0.00,0.55,0.86,1.13,1.39,1.62,1.84,2.05,2.25,2.45,2.64,2.83,3.02,3.20,3.38,3.57,3.75,3.93,4.12
Polanco, Gregory,570256,PIT,134,RF,25,L,0.00,0.54,0.83,1.08,1.32,1.55,1.75,1.95,2.14,2.33,2.51,2.69,2.86,3.04,3.21,3.39,3.56,3.74,3.93
Polanco, Jorge,593871,MIN,142,SS,23,L,0.00,0.55,0.85,1.11,1.34,1.56,1.77,1.97,2.16,2.34,2.52,2.69,2.87,3.04,3.21,3.38,3.55,3.72,3.91
Polanco, Jorge,593871,MIN,142,SS,23,R,0.00,0.55,0.86,1.12,1.36,1.58,1.79,1.99,2.19,2.37,2.55,2.73,2.91,3.08,3.25,3.42,3.59,3.77,3.96
Pollock, AJ,572041,AZ,109,CF,29,R,0.00,0.53,0.82,1.07,1.31,1.53,1.74,1.94,2.13,2.31,2.49,2.67,2.85,3.02,3.19,3.36,3.53,3.71,3.89
Posey, Buster,457763,SF,137,C,30,R,0.00,0.55,0.86,1.14,1.40,1.65,1.87,2.09,2.30,2.50,2.71,2.90,3.10,3.29,3.49,3.68,3.88,4.08,4.30
Powell, Boog,621471,OAK,133,CF,24,L,0.00,0.56,0.85,1.11,1.35,1.58,1.80,2.00,2.20,2.39,2.57,2.75,2.93,3.10,3.28,3.45,3.62,3.79,3.97
Prado, Martín,445988,MIA,146,3B,33,R,0.00,0.54,0.85,1.12,1.38,1.61,1.84,2.05,2.25,2.45,2.65,2.84,3.02,3.21,3.40,3.58,3.77,3.97,4.17
Presley, Alex,502100,DET,116,RF,31,L,0.00,0.52,0.80,1.04,1.28,1.50,1.71,1.91,2.10,2.28,2.46,2.64,2.81,2.99,3.16,3.33,3.50,3.67,3.86
Puello, César,527049,TB,139,LF,26,R,0.00,0.53,0.84,1.10,1.34,1.57,1.78,1.98,2.17,2.36,2.54,2.72,2.90,3.08,3.25,3.42,3.59,3.76,3.94
Puig, Yasiel,624577,LAD,119,RF,26,R,0.00,0.54,0.84,1.10,1.34,1.56,1.77,1.97,2.16,2.35,2.53,2.71,2.89,3.06,3.23,3.41,3.58,3.75,3.94
Pujols, Albert,405395,LAA,108,DH,37,R,0.00,0.56,0.89,1.19,1.46,1.72,1.96,2.19,2.42,2.64,2.86,3.08,3.29,3.50,3.72,3.93,4.14,4.36,4.59
Pérez, Hernán,541650,MIL,158,LF,26,R,0.00,0.55,0.85,1.11,1.35,1.57,1.78,1.98,2.17,2.36,2.54,2.72,2.89,3.07,3.24,3.41,3.58,3.76,3.94
Raburn, Ryan,430605,WSH,120,LF,36,R,0.00,0.55,0.85,1.11,1.36,1.59,1.80,2.01,2.20,2.39,2.58,2.77,2.95,3.13,3.31,3.49,3.67,3.85,4.04
Ramirez, Hanley,434670,BOS,111,DH,33,R,0.00,0.55,0.86,1.13,1.38,1.62,1.84,2.04,2.25,2.44,2.63,2.82,3.01,3.20,3.39,3.57,3.76,3.95,4.15
Ramos, Wilson,467092,TB,139,C,29,R,0.00,0.54,0.86,1.14,1.40,1.65,1.88,2.10,2.31,2.52,2.72,2.92,3.12,3.32,3.51,3.71,3.90,4.10,4.31
Ramírez, José,608070,CLE,114,3B,24,L,0.00,0.53,0.81,1.07,1.30,1.52,1.72,1.92,2.11,2.29,2.47,2.65,2.82,2.99,3.16,3.33,3.51,3.70,3.90
Ramírez, José,608070,CLE,114,3B,24,R,0.00,0.55,0.84,1.10,1.34,1.56,1.76,1.96,2.15,2.34,2.52,2.70,2.87,3.05,3.22,3.39,3.56,3.74,3.93
Rasmus, Colby,458675,TB,139,LF,30,L,0.00,0.53,0.82,1.08,1.32,1.54,1.75,1.95,2.15,2.33,2.51,2.69,2.87,3.05,3.22,3.39,3.57,3.75,3.93
Realmuto, J.T.,592663,MIA,146,C,26,R,0.00,0.54,0.83,1.09,1.33,1.55,1.76,1.96,2.15,2.34,2.52,2.70,2.87,3.05,3.22,3.39,3.56,3.73,3.90
Reddick, Josh,502210,HOU,117,RF,30,L,0.00,0.56,0.86,1.13,1.37,1.60,1.81,2.02,2.21,2.40,2.59,2.77,2.95,3.13,3.30,3.47,3.65,3.83,4.02
Refsnyder, Rob,608701,TOR,141,2B,26,R,0.00,0.55,0.84,1.10,1.35,1.57,1.79,1.99,2.19,2.38,2.57,2.75,2.93,3.11,3.29,3.46,3.64,3.82,4.00
Rendon, Anthony,543685,WSH,120,3B,27,R,0.00,0.55,0.86,1.12,1.36,1.59,1.81,2.01,2.21,2.40,2.58,2.76,2.94,3.12,3.29,3.47,3.64,3.81,3.98
Renfroe, Hunter,592669,SD,135,RF,25,R,0.00,0.54,0.84,1.11,1.35,1.58,1.80,2.00,2.20,2.39,2.58,2.76,2.94,3.12,3.30,3.48,3.66,3.84,4.03
Revere, Ben,519184,LAA,108,LF,29,L,0.00,0.52,0.78,1.03,1.27,1.49,1.69,1.89,2.07,2.26,2.43,2.61,2.79,2.96,3.13,3.30,3.48,3.65,3.84
Reyes, José,408314,NYM,121,SS,34,L,0.00,0.54,0.83,1.08,1.32,1.54,1.75,1.95,2.15,2.33,2.52,2.70,2.88,3.06,3.24,3.41,3.59,3.78,3.97
Reyes, José,408314,NYM,121,SS,34,R,0.00,0.55,0.85,1.11,1.35,1.58,1.79,1.99,2.18,2.37,2.56,2.74,2.92,3.09,3.27,3.45,3.62,3.80,3.99
Reynolds, Mark,448602,COL,115,1B,33,R,0.00,0.55,0.86,1.13,1.39,1.63,1.86,2.08,2.29,2.49,2.69,2.89,3.09,3.29,3.48,3.68,3.88,4.09,4.32
Reynolds, Matt,608703,NYM,121,3B,26,R,0.00,0.53,0.83,1.09,1.33,1.56,1.77,1.98,2.17,2.37,2.55,2.74,2.92,3.10,3.27,3.45,3.63,3.81,4.00
Rickard, Joey,572073,BAL,110,RF,26,R,0.00,0.53,0.82,1.08,1.32,1.54,1.75,1.95,2.14,2.33,2.51,2.69,2.86,3.04,3.21,3.38,3.56,3.73,3.91
Riddle, JT,595375,MIA,146,SS,25,L,0.00,0.52,0.80,1.06,1.29,1.51,1.72,1.92,2.11,2.30,2.48,2.66,2.84,3.01,3.19,3.36,3.53,3.71,3.90
Rivera, René,425784,CHC,112,C,33,R,0.00,0.56,0.89,1.18,1.45,1.70,1.93,2.16,2.37,2.59,2.79,2.99,3.19,3.39,3.59,3.79,4.00,4.21,4.44
Rivera, T.J.,608061,NYM,121,3B,28,R,0.00,0.55,0.85,1.11,1.36,1.59,1.81,2.02,2.21,2.41,2.60,2.78,2.96,3.14,3.32,3.50,3.68,3.86,4.05
Rizzo, Anthony,519203,CHC,112,1B,27,L,0.00,0.54,0.85,1.12,1.38,1.62,1.85,2.06,2.27,2.47,2.67,2.86,3.06,3.25,3.44,3.63,3.82,4.01,4.21
Robertson, Daniel,543706,CLE,114,RF,31,R,0.00,0.54,0.83,1.09,1.33,1.56,1.77,1.98,2.17,2.36,2.55,2.73,2.91,3.09,3.27,3.45,3.63,3.81,4.01
Robertson, Daniel,621002,TB,139,2B,23,R,0.00,0.54,0.84,1.10,1.35,1.58,1.80,2.01,2.21,2.40,2.59,2.78,2.96,3.14,3.32,3.50,3.68,3.86,4.04
Robinson, Drew,592685,TEX,140,3B,25,L,0.00,0.53,0.82,1.07,1.31,1.53,1.74,1.94,2.13,2.32,2.50,2.68,2.86,3.03,3.21,3.38,3.56,3.73,3.92
Robinson, Shane,453203,LAA,108,RF,32,R,0.00,0.52,0.79,1.04,1.27,1.49,1.69,1.89,2.07,2.26,2.43,2.61,2.78,2.95,3.12,3.29,3.46,3.63,3.80
Rodríguez, Sean,446481,PIT,134,3B,32,R,0.00,0.53,0.82,1.09,1.33,1.57,1.78,1.99,2.20,2.40,2.59,2.78,2.98,3.16,3.35,3.54,3.72,3.91,4.11
Rojas, Miguel,500743,MIA,146,SS,28,R,0.00,0.55,0.85,1.12,1.37,1.60,1.81,2.02,2.22,2.42,2.61,2.79,2.98,3.16,3.34,3.53,3.71,3.89,4.08
Romine, Andrew,461865,DET,116,2B,31,L,0.00,0.52,0.80,1.06,1.30,1.53,1.74,1.95,2.14,2.33,2.52,2.70,2.89,3.06,3.24,3.42,3.60,3.78,3.96
Romine, Andrew,461865,DET,116,2B,31,R,0.00,0.53,0.84,1.10,1.35,1.58,1.79,1.99,2.19,2.38,2.57,2.75,2.94,3.11,3.29,3.47,3.64,3.82,4.01
Romine, Austin,519222,NYY,147,C,28,R,0.00,0.55,0.86,1.14,1.39,1.63,1.85,2.06,2.26,2.46,2.65,2.84,3.03,3.22,3.40,3.58,3.76,3.95,4.14
Rosales, Adam,489267,AZ,109,SS,34,R,0.00,0.54,0.83,1.09,1.34,1.56,1.78,1.98,2.18,2.37,2.55,2.73,2.91,3.09,3.27,3.44,3.62,3.79,3.97
Rosario, Amed,642708,NYM,121,SS,21,R,0.00,0.54,0.82,1.08,1.31,1.53,1.73,1.93,2.11,2.29,2.47,2.64,2.81,2.98,3.14,3.31,3.47,3.63,3.80
Rosario, Eddie,592696,MIN,142,LF,25,L,0.00,0.54,0.83,1.08,1.32,1.54,1.75,1.95,2.14,2.33,2.51,2.69,2.87,3.04,3.22,3.39,3.57,3.75,3.95
Rua, Ryan,607387,TEX,140,1B,27,R,0.00,0.53,0.82,1.08,1.33,1.56,1.77,1.97,2.16,2.35,2.53,2.71,2.89,3.07,3.24,3.41,3.58,3.76,3.94
Ruiz, Carlos,434563,SEA,136,C,38,R,0.00,0.56,0.87,1.15,1.41,1.65,1.88,2.09,2.30,2.51,2.71,2.90,3.10,3.29,3.48,3.67,3.86,4.05,4.24
Ruiz, Rio,547004,ATL,144,3B,23,L,0.00,0.53,0.82,1.09,1.34,1.57,1.79,2.00,2.20,2.39,2.59,2.78,2.96,3.15,3.33,3.52,3.71,3.90,4.10
Rupp, Cameron,519237,PHI,143,C,28,R,0.00,0.55,0.87,1.16,1.42,1.66,1.89,2.11,2.32,2.53,2.73,2.93,3.13,3.33,3.52,3.72,3.91,4.11,4.33
Russell, Addison,608365,CHC,112,SS,23,R,0.00,0.54,0.83,1.08,1.31,1.53,1.74,1.94,2.13,2.32,2.50,2.68,2.85,3.03,3.20,3.37,3.54,3.71,3.89
Rutledge, Josh,592710,BOS,111,3B,28,R,0.00,0.55,0.84,1.10,1.34,1.56,1.77,1.97,2.16,2.34,2.52,2.70,2.87,3.04,3.21,3.38,3.55,3.72,3.89
Saladino, Tyler,573135,CWS,145,2B,27,R,0.00,0.54,0.82,1.08,1.32,1.54,1.76,1.96,2.15,2.34,2.52,2.70,2.88,3.06,3.23,3.40,3.57,3.74,3.92
Sanchez, Adrián,506703,WSH,120,2B,26,R,0.00,0.58,0.89,1.15,1.40,1.63,1.84,2.05,2.25,2.44,2.63,2.81,3.00,3.18,3.35,3.53,3.71,3.89,4.08
Sanchez, Carlos,570560,CWS,145,2B,25,L,0.00,0.53,0.81,1.07,1.31,1.53,1.74,1.94,2.13,2.32,2.50,2.68,2.86,3.03,3.20,3.37,3.54,3.72,3.90
Sanchez, Carlos,570560,CWS,145,2B,25,R,0.00,0.55,0.85,1.11,1.35,1.58,1.79,1.99,2.19,2.38,2.56,2.75,2.92,3.10,3.27,3.45,3.62,3.79,3.97
Sanchez, Gary,596142,NYY,147,C,24,R,0.00,0.55,0.88,1.16,1.41,1.65,1.87,2.08,2.28,2.48,2.67,2.86,3.05,3.23,3.41,3.59,3.77,3.96,4.15
Sandoval, Pablo,467055,SF,137,3B,30,L,0.00,0.54,0.85,1.12,1.38,1.62,1.84,2.06,2.26,2.47,2.66,2.86,3.05,3.24,3.43,3.62,3.82,4.02,4.23
Sandoval, Pablo,467055,SF,137,3B,30,R,0.00,0.56,0.87,1.15,1.40,1.64,1.87,2.09,2.30,2.50,2.69,2.89,3.08,3.27,3.46,3.65,3.83,4.03,4.23
Santana, Carlos,467793,CLE,114,1B,31,L,0.00,0.53,0.81,1.08,1.32,1.55,1.77,1.97,2.17,2.37,2.56,2.75,2.93,3.12,3.30,3.48,3.67,3.86,4.05
Santana, Carlos,467793,CLE,114,1B,31,R,0.00,0.54,0.84,1.11,1.36,1.59,1.81,2.02,2.22,2.42,2.61,2.80,2.99,3.18,3.36,3.54,3.73,3.91,4.10
Santana, Danny,542454,ATL,144,LF,26,L,0.00,0.53,0.81,1.06,1.30,1.52,1.72,1.91,2.10,2.28,2.46,2.63,2.80,2.97,3.14,3.31,3.48,3.66,3.84
Santana, Domingo,570267,MIL,158,RF,24,R,0.00,0.53,0.83,1.09,1.34,1.56,1.78,1.98,2.17,2.36,2.55,2.73,2.91,3.09,3.27,3.45,3.63,3.82,4.01
Sanó, Miguel,593934,MIN,142,3B,24,R,0.00,0.54,0.83,1.10,1.34,1.57,1.78,1.98,2.18,2.37,2.56,2.74,2.92,3.10,3.28,3.46,3.63,3.82,4.01
Saunders, Michael,459431,TOR,141,RF,30,L,0.00,0.53,0.82,1.08,1.32,1.55,1.76,1.96,2.16,2.35,2.54,2.72,2.90,3.08,3.26,3.43,3.61,3.79,3.97
Schebler, Scott,594988,CIN,113,RF,26,L,0.00,0.52,0.80,1.05,1.29,1.51,1.72,1.91,2.10,2.29,2.47,2.65,2.82,3.00,3.17,3.34,3.51,3.69,3.87
Schimpf, Ryan,572114,SD,135,3B,29,L,0.00,0.55,0.84,1.09,1.33,1.55,1.76,1.96,2.14,2.33,2.51,2.69,2.86,3.04,3.21,3.38,3.55,3.72,3.90
Schoop, Jonathan,570731,BAL,110,2B,25,R,0.00,0.54,0.83,1.10,1.35,1.58,1.80,2.00,2.20,2.39,2.58,2.76,2.94,3.12,3.30,3.48,3.65,3.83,4.01
Schwarber, Kyle,656941,CHC,112,LF,24,L,0.00,0.53,0.83,1.09,1.34,1.57,1.79,1.99,2.19,2.38,2.57,2.76,2.94,3.12,3.30,3.48,3.66,3.84,4.03
Seager, Corey,608369,LAD,119,SS,23,L,0.00,0.53,0.83,1.09,1.34,1.57,1.79,1.99,2.19,2.38,2.57,2.76,2.95,3.13,3.31,3.49,3.67,3.86,4.06
Seager, Kyle,572122,SEA,136,3B,29,L,0.00,0.54,0.85,1.12,1.38,1.62,1.84,2.05,2.26,2.46,2.65,2.84,3.04,3.22,3.41,3.60,3.78,3.97,4.17
Segura, Jean,516416,SEA,136,SS,27,R,0.00,0.55,0.84,1.10,1.34,1.57,1.78,1.98,2.17,2.36,2.54,2.71,2.89,3.06,3.24,3.41,3.58,3.76,3.95
Semien, Marcus,543760,OAK,133,SS,26,R,0.00,0.53,0.82,1.07,1.31,1.53,1.74,1.94,2.13,2.31,2.49,2.67,2.85,3.02,3.19,3.36,3.53,3.70,3.88
Shaw, Travis,543768,MIL,158,3B,27,L,0.00,0.54,0.86,1.13,1.38,1.62,1.84,2.05,2.26,2.45,2.65,2.84,3.03,3.22,3.41,3.59,3.78,3.98,4.19
Sierra, Magneuris,642423,STL,138,RF,21,L,0.00,0.53,0.80,1.04,1.26,1.47,1.66,1.85,2.03,2.21,2.38,2.55,2.71,2.87,3.04,3.20,3.36,3.52,3.69
Simmons, Andrelton,592743,LAA,108,SS,27,R,0.00,0.55,0.85,1.11,1.35,1.58,1.79,1.99,2.18,2.37,2.56,2.74,2.92,3.09,3.27,3.45,3.63,3.81,4.00
Slater, Austin,596103,SF,137,LF,24,R,0.00,0.54,0.84,1.09,1.33,1.55,1.76,1.96,2.15,2.33,2.51,2.69,2.86,3.04,3.21,3.38,3.55,3.72,3.89
Smith, Dominic,642086,NYM,121,1B,22,L,0.00,0.54,0.86,1.14,1.40,1.64,1.87,2.09,2.30,2.50,2.70,2.90,3.09,3.28,3.47,3.66,3.86,4.06,4.26
Smith, Kevan,607345,CWS,145,C,29,R,0.00,0.56,0.87,1.14,1.40,1.64,1.86,2.07,2.28,2.48,2.67,2.86,3.05,3.23,3.42,3.60,3.78,3.96,4.15
Smith, Mallex,605480,TB,139,CF,24,L,0.00,0.53,0.79,1.03,1.26,1.47,1.67,1.86,2.04,2.22,2.39,2.56,2.73,2.89,3.05,3.21,3.38,3.55,3.74
Smith, Seth,452234,BAL,110,RF,34,L,0.00,0.54,0.84,1.11,1.36,1.59,1.81,2.02,2.22,2.41,2.61,2.79,2.98,3.16,3.35,3.53,3.71,3.90,4.09
Smoak, Justin,475253,TOR,141,1B,30,R,0.00,0.56,0.88,1.17,1.43,1.67,1.90,2.12,2.34,2.54,2.75,2.95,3.15,3.35,3.55,3.75,3.95,4.16,4.38
Smoak, Justin,475253,TOR,141,1B,30,L,0.00,0.54,0.85,1.13,1.40,1.64,1.87,2.09,2.30,2.51,2.72,2.92,3.13,3.33,3.53,3.73,3.93,4.14,4.36
Sogard, Eric,519299,MIL,158,2B,31,L,0.00,0.56,0.86,1.13,1.37,1.61,1.83,2.04,2.24,2.43,2.63,2.82,3.01,3.19,3.37,3.56,3.74,3.93,4.12
Solarte, Yangervis,500208,SD,135,2B,29,L,0.00,0.54,0.85,1.12,1.37,1.61,1.83,2.05,2.25,2.45,2.65,2.84,3.04,3.23,3.42,3.62,3.81,4.02,4.24
Solarte, Yangervis,500208,SD,135,2B,29,R,0.00,0.54,0.85,1.14,1.40,1.65,1.88,2.10,2.31,2.52,2.72,2.92,3.11,3.31,3.50,3.70,3.90,4.11,4.34
Soler, Jorge,624585,KC,118,RF,25,R,0.00,0.56,0.88,1.16,1.42,1.65,1.87,2.08,2.28,2.48,2.66,2.85,3.03,3.21,3.39,3.57,3.74,3.93,4.11
Souza Jr., Steven,519306,TB,139,RF,28,R,0.00,0.54,0.83,1.08,1.31,1.53,1.74,1.94,2.13,2.31,2.49,2.67,2.84,3.01,3.18,3.35,3.52,3.68,3.86
Span, Denard,452655,SF,137,CF,33,L,0.00,0.53,0.82,1.07,1.31,1.54,1.75,1.95,2.14,2.33,2.52,2.69,2.87,3.05,3.22,3.40,3.57,3.75,3.93
Spangenberg, Cory,605486,SD,135,3B,26,L,0.00,0.54,0.82,1.06,1.29,1.50,1.71,1.90,2.09,2.27,2.44,2.62,2.79,2.96,3.13,3.30,3.46,3.64,3.82
Springer, George,543807,HOU,117,CF,27,R,0.00,0.53,0.81,1.06,1.30,1.52,1.73,1.93,2.12,2.31,2.49,2.66,2.84,3.01,3.19,3.36,3.53,3.70,3.88
Stanton, Giancarlo,519317,MIA,146,RF,27,R,0.00,0.53,0.81,1.07,1.30,1.52,1.73,1.93,2.12,2.31,2.49,2.67,2.85,3.02,3.20,3.37,3.55,3.72,3.91
Stassi, Brock,595426,PHI,143,1B,27,L,0.00,0.55,0.85,1.11,1.36,1.59,1.80,2.01,2.21,2.41,2.60,2.79,2.98,3.16,3.34,3.53,3.71,3.90,4.09
Stevenson, Andrew,664057,WSH,120,RF,23,L,0.00,0.51,0.79,1.03,1.26,1.48,1.68,1.87,2.06,2.24,2.42,2.59,2.76,2.93,3.10,3.27,3.43,3.60,3.77
Stewart, Chris,455755,PIT,134,C,35,R,0.00,0.56,0.89,1.17,1.43,1.67,1.90,2.12,2.32,2.53,2.73,2.92,3.12,3.31,3.50,3.69,3.88,4.07,4.28
Story, Trevor,596115,COL,115,SS,24,R,0.00,0.54,0.82,1.07,1.30,1.51,1.72,1.91,2.09,2.27,2.44,2.62,2.78,2.95,3.11,3.28,3.44,3.60,3.76
Strange-Gordon, Dee,543829,MIA,146,2B,29,L,0.00,0.53,0.81,1.05,1.27,1.48,1.68,1.87,2.06,2.24,2.41,2.58,2.75,2.91,3.08,3.24,3.40,3.57,3.76
Sucre, Jesús,491696,TB,139,C,29,R,0.00,0.56,0.89,1.18,1.45,1.70,1.93,2.15,2.36,2.57,2.78,2.98,3.18,3.38,3.58,3.78,3.98,4.19,4.41
Suzuki, Ichiro,400085,MIA,146,,43,L,0.00,0.57,0.88,1.14,1.37,1.60,1.81,2.01,2.21,2.40,2.59,2.77,2.95,3.13,3.31,3.48,3.66,3.85,4.04
Suzuki, Kurt,435559,ATL,144,C,33,R,0.00,0.55,0.86,1.13,1.39,1.63,1.85,2.07,2.27,2.48,2.67,2.87,3.06,3.25,3.44,3.63,3.82,4.01,4.21
Suárez, Eugenio,553993,CIN,113,3B,25,R,0.00,0.54,0.84,1.11,1.36,1.59,1.81,2.02,2.21,2.41,2.60,2.79,2.97,3.15,3.33,3.51,3.69,3.88,4.08
Swanson, Dansby,621020,ATL,144,SS,23,R,0.00,0.54,0.83,1.09,1.33,1.55,1.76,1.95,2.14,2.33,2.50,2.68,2.85,3.03,3.20,3.37,3.53,3.71,3.88
Szczur, Matt,519333,SD,135,CF,27,R,0.00,0.55,0.85,1.10,1.34,1.56,1.77,1.97,2.16,2.35,2.54,2.72,2.90,3.07,3.25,3.42,3.59,3.77,3.94
Tapia, Raimel,606132,COL,115,RF,23,L,0.00,0.54,0.83,1.07,1.30,1.52,1.72,1.92,2.10,2.28,2.46,2.63,2.80,2.97,3.14,3.31,3.47,3.65,3.83
Taylor, Chris,621035,LAD,119,CF,26,R,0.00,0.55,0.85,1.11,1.34,1.56,1.77,1.97,2.16,2.34,2.52,2.70,2.87,3.05,3.22,3.38,3.55,3.72,3.90
Taylor, Michael A.,572191,WSH,120,CF,26,R,0.00,0.55,0.84,1.09,1.32,1.54,1.75,1.94,2.13,2.32,2.50,2.67,2.85,3.02,3.19,3.35,3.52,3.69,3.87
Tejada, Rubén,514913,BAL,110,SS,27,R,0.00,0.52,0.82,1.09,1.33,1.56,1.78,1.98,2.18,2.38,2.57,2.75,2.94,3.12,3.31,3.50,3.69,3.88,4.08
Telis, Tomás,542513,MIA,146,1B,26,L,0.00,0.53,0.82,1.09,1.33,1.57,1.79,2.00,2.20,2.40,2.59,2.78,2.97,3.16,3.35,3.53,3.73,3.93,4.14
Thames, Eric,519346,MIL,158,1B,30,L,0.00,0.52,0.80,1.06,1.29,1.51,1.72,1.92,2.11,2.30,2.48,2.66,2.84,3.02,3.19,3.36,3.54,3.72,3.91
Toles, Andrew,592808,LAD,119,LF,25,L,0.00,0.54,0.81,1.05,1.28,1.49,1.70,1.89,2.08,2.26,2.44,2.61,2.79,2.96,3.13,3.30,3.48,3.66,3.84
Tomlinson, Kelby,605509,SF,137,2B,27,R,0.00,0.55,0.84,1.09,1.33,1.55,1.76,1.96,2.15,2.34,2.52,2.70,2.87,3.05,3.22,3.39,3.57,3.74,3.92
Tomás, Yasmany,630111,AZ,109,LF,26,R,0.00,0.56,0.87,1.14,1.40,1.63,1.86,2.07,2.27,2.47,2.66,2.85,3.04,3.22,3.40,3.58,3.76,3.94,4.13
Torrens, Luis,620443,SD,135,C,21,R,0.00,0.55,0.85,1.13,1.38,1.62,1.84,2.05,2.26,2.46,2.65,2.85,3.03,3.22,3.41,3.59,3.77,3.95,4.14
Torres, Ramón,593527,KC,118,2B,24,L,0.00,0.56,0.85,1.10,1.34,1.57,1.78,1.98,2.17,2.36,2.54,2.72,2.90,3.08,3.25,3.42,3.59,3.77,3.95
Torreyes, Ronald,591720,NYY,147,2B,24,R,0.00,0.53,0.82,1.07,1.31,1.54,1.75,1.94,2.14,2.32,2.51,2.69,2.86,3.04,3.21,3.38,3.55,3.73,3.92
Travis, Devon,581527,TOR,141,2B,26,R,0.00,0.55,0.86,1.13,1.37,1.60,1.81,2.01,2.21,2.40,2.59,2.77,2.95,3.13,3.31,3.49,3.67,3.85,4.05
Travis, Sam,607752,BOS,111,1B,23,R,0.00,0.55,0.87,1.15,1.40,1.63,1.85,2.06,2.26,2.45,2.64,2.83,3.02,3.20,3.38,3.56,3.74,3.92,4.11
Trout, Mike,545361,LAA,108,CF,25,R,0.00,0.52,0.80,1.05,1.28,1.49,1.70,1.89,2.07,2.25,2.43,2.60,2.77,2.94,3.10,3.27,3.43,3.60,3.78
Trumbo, Mark,444432,BAL,110,DH,31,R,0.00,0.56,0.87,1.14,1.40,1.63,1.85,2.07,2.27,2.47,2.66,2.85,3.04,3.23,3.41,3.59,3.77,3.96,4.15
Tulowitzki, Troy,453064,TOR,141,SS,32,R,0.00,0.54,0.84,1.11,1.36,1.59,1.82,2.03,2.24,2.44,2.63,2.83,3.02,3.21,3.40,3.59,3.78,3.97,4.17
Turner, Justin,457759,LAD,119,3B,32,R,0.00,0.55,0.86,1.13,1.38,1.62,1.84,2.05,2.26,2.46,2.65,2.85,3.04,3.23,3.42,3.61,3.80,3.99,4.20
Turner, Stuart,642156,CIN,113,C,25,R,0.00,0.55,0.86,1.14,1.40,1.64,1.86,2.08,2.29,2.49,2.69,2.89,3.08,3.27,3.47,3.66,3.85,4.05,4.25
Turner, Trea,607208,WSH,120,SS,24,R,0.00,0.54,0.83,1.07,1.30,1.51,1.71,1.90,2.08,2.26,2.43,2.60,2.76,2.92,3.08,3.24,3.40,3.56,3.73
Upton, Justin,457708,LAA,108,LF,29,R,0.00,0.55,0.83,1.09,1.32,1.55,1.76,1.96,2.15,2.33,2.51,2.69,2.86,3.03,3.20,3.37,3.54,3.71,3.88
Urshela, Gio,570482,CLE,114,3B,25,R,0.00,0.54,0.83,1.10,1.34,1.57,1.79,1.99,2.19,2.39,2.58,2.76,2.95,3.13,3.32,3.50,3.68,3.87,4.07
Utley, Chase,400284,LAD,119,2B,38,L,0.00,0.54,0.83,1.09,1.34,1.57,1.78,1.99,2.19,2.38,2.57,2.75,2.93,3.12,3.29,3.47,3.65,3.83,4.02
Valaika, Pat,642162,COL,115,,24,R,0.00,0.54,0.84,1.11,1.35,1.58,1.79,2.00,2.19,2.38,2.57,2.75,2.93,3.11,3.28,3.46,3.63,3.81,3.99
Valbuena, Luis,472528,LAA,108,3B,31,L,0.00,0.53,0.84,1.12,1.38,1.63,1.86,2.08,2.29,2.51,2.71,2.92,3.13,3.34,3.55,3.77,4.00,4.25,4.51
Valencia, Danny,502143,SEA,136,1B,32,R,0.00,0.55,0.85,1.12,1.36,1.59,1.81,2.02,2.22,2.41,2.60,2.79,2.97,3.15,3.33,3.51,3.69,3.88,4.07
Vargas, Kennys,573627,MIN,142,DH,26,L,0.00,0.55,0.86,1.14,1.40,1.64,1.87,2.09,2.30,2.51,2.71,2.90,3.10,3.29,3.49,3.68,3.87,4.07,4.28
Vargas, Kennys,573627,MIN,142,DH,26,R,0.00,0.53,0.84,1.12,1.38,1.63,1.85,2.07,2.28,2.49,2.69,2.89,3.09,3.28,3.48,3.68,3.88,4.09,4.30
Villar, Jonathan,542340,MIL,158,2B,26,L,0.00,0.54,0.83,1.08,1.31,1.53,1.74,1.94,2.13,2.32,2.50,2.69,2.86,3.04,3.22,3.39,3.57,3.76,3.95
Villar, Jonathan,542340,MIL,158,2B,26,R,0.00,0.55,0.84,1.10,1.33,1.56,1.76,1.96,2.15,2.34,2.53,2.71,2.88,3.06,3.23,3.41,3.58,3.76,3.95
Vogt, Stephen,519390,MIL,158,C,32,L,0.00,0.55,0.87,1.14,1.40,1.64,1.86,2.08,2.28,2.49,2.69,2.88,3.08,3.27,3.46,3.65,3.85,4.06,4.28
Voit, Luke,572228,STL,138,1B,26,R,0.00,0.56,0.87,1.15,1.40,1.64,1.86,2.08,2.28,2.48,2.68,2.87,3.07,3.26,3.44,3.63,3.82,4.01,4.21
Votto, Joey,458015,CIN,113,1B,33,L,0.00,0.54,0.85,1.13,1.39,1.64,1.86,2.08,2.29,2.49,2.69,2.89,3.09,3.28,3.48,3.68,3.89,4.11,4.35
Vázquez, Christian,543877,BOS,111,C,26,R,0.00,0.56,0.87,1.15,1.41,1.65,1.88,2.09,2.30,2.50,2.69,2.89,3.08,3.27,3.46,3.64,3.83,4.02,4.21
Wade, Tyler,642180,NYY,147,2B,22,L,0.00,0.54,0.81,1.05,1.28,1.49,1.70,1.89,2.08,2.26,2.43,2.61,2.78,2.94,3.11,3.28,3.45,3.62,3.80
Walker, Neil,435522,MIL,158,2B,31,L,0.00,0.53,0.82,1.09,1.35,1.58,1.80,2.01,2.22,2.41,2.61,2.80,2.98,3.17,3.35,3.54,3.72,3.91,4.11
Walker, Neil,435522,MIL,158,2B,31,R,0.00,0.54,0.85,1.13,1.38,1.62,1.85,2.06,2.26,2.46,2.66,2.85,3.04,3.22,3.40,3.59,3.77,3.95,4.14
Weeks Jr., Rickie,430001,TB,139,DH,34,R,0.00,0.56,0.87,1.15,1.40,1.63,1.85,2.06,2.26,2.45,2.64,2.83,3.02,3.20,3.39,3.57,3.75,3.93,4.13
Werth, Jayson,150029,WSH,120,LF,38,R,0.00,0.55,0.86,1.14,1.40,1.64,1.87,2.08,2.29,2.49,2.69,2.89,3.08,3.27,3.46,3.65,3.84,4.03,4.24
Wieters, Matt,446308,WSH,120,C,31,L,0.00,0.55,0.86,1.14,1.40,1.65,1.88,2.09,2.31,2.51,2.72,2.92,3.11,3.31,3.50,3.70,3.90,4.11,4.33
Wieters, Matt,446308,WSH,120,C,31,R,0.00,0.56,0.87,1.16,1.42,1.66,1.89,2.11,2.32,2.52,2.72,2.92,3.12,3.31,3.51,3.70,3.89,4.09,4.30
Williams, Nick,608384,PHI,143,RF,23,L,0.00,0.53,0.81,1.05,1.28,1.50,1.71,1.90,2.09,2.27,2.45,2.62,2.80,2.97,3.14,3.30,3.47,3.64,3.82
Williamson, Mac,607776,SF,137,RF,26,R,0.00,0.54,0.85,1.12,1.37,1.59,1.81,2.01,2.21,2.40,2.59,2.77,2.95,3.13,3.31,3.48,3.65,3.82,4.01
Winker, Jesse,608385,CIN,113,RF,23,L,0.00,0.54,0.84,1.11,1.37,1.61,1.83,2.04,2.24,2.44,2.64,2.83,3.02,3.21,3.40,3.58,3.77,3.97,4.17
Wolters, Tony,547172,COL,115,C,25,L,0.00,0.54,0.84,1.11,1.36,1.59,1.81,2.02,2.22,2.41,2.61,2.80,2.98,3.17,3.35,3.54,3.72,3.92,4.12
Wong, Kolten,543939,STL,138,2B,26,L,0.00,0.54,0.82,1.07,1.30,1.53,1.74,1.94,2.13,2.31,2.50,2.68,2.86,3.03,3.21,3.38,3.56,3.74,3.93
Yelich, Christian,592885,MIA,146,CF,25,L,0.00,0.52,0.80,1.05,1.28,1.50,1.70,1.90,2.09,2.27,2.45,2.62,2.79,2.96,3.13,3.30,3.47,3.64,3.82
Young Jr., Eric,458913,LAA,108,LF,32,L,0.00,0.52,0.80,1.05,1.28,1.50,1.70,1.89,2.08,2.26,2.43,2.60,2.77,2.94,3.11,3.27,3.44,3.62,3.80
Young, Chris,455759,BOS,111,LF,33,R,0.00,0.55,0.86,1.13,1.37,1.60,1.82,2.03,2.22,2.42,2.61,2.79,2.98,3.16,3.34,3.51,3.69,3.87,4.05
Zimmer, Bradley,605548,CLE,114,CF,24,L,0.00,0.51,0.77,1.01,1.24,1.45,1.66,1.85,2.03,2.21,2.38,2.55,2.72,2.89,3.05,3.21,3.37,3.54,3.70
Zimmerman, Ryan,475582,WSH,120,1B,32,R,0.00,0.55,0.85,1.11,1.36,1.59,1.81,2.02,2.21,2.41,2.60,2.78,2.96,3.15,3.33,3.50,3.68,3.86,4.05
Zobrist, Ben,450314,CHC,112,2B,36,L,0.00,0.54,0.84,1.11,1.36,1.59,1.80,2.01,2.21,2.41,2.60,2.78,2.97,3.15,3.33,3.51,3.69,3.88,4.06
Zobrist, Ben,450314,CHC,112,2B,36,R,0.00,0.55,0.86,1.13,1.38,1.61,1.83,2.04,2.24,2.44,2.63,2.81,3.00,3.18,3.36,3.54,3.72,3.90,4.08
Zunino, Mike,572287,SEA,136,C,26,R,0.00,0.53,0.83,1.10,1.36,1.59,1.81,2.02,2.23,2.42,2.62,2.81,3.00,3.18,3.37,3.55,3.73,3.92,4.11
d'Arnaud, Chase,488818,SD,135,SS,30,R,0.00,0.55,0.84,1.09,1.32,1.54,1.75,1.94,2.13,2.32,2.50,2.67,2.85,3.02,3.19,3.36,3.53,3.70,3.88
d'Arnaud, Travis,518595,NYM,121,C,28,R,0.00,0.55,0.86,1.13,1.38,1.62,1.84,2.05,2.25,2.44,2.63,2.81,3.00,3.18,3.36,3.54,3.73,3.91,4.11